collection_date,variant_id,allpos_count
2021-01-01,Alpha,1735
2021-01-01,Beta,37
2021-01-01,Delta,4470
2021-01-01,Epsilon,71
2021-01-01,Eta,9
2021-01-01,Gamma,38
2021-01-01,Iota (E484K),37
2021-01-01,Iota (S477N),7
2021-01-01,Lambda,1
2021-01-01,Mu,1
2021-01-01,Omicron,27
2021-01-01,Other variant,1890
2021-01-01,Zeta,11
2021-01-02,Alpha,749
2021-01-02,Beta,32
2021-01-02,Delta,1
2021-01-02,Epsilon,22
2021-01-02,Gamma,1
2021-01-02,Iota (E484K),2
2021-01-02,Other variant,734
2021-01-02,Zeta,5
2021-01-03,Alpha,618
2021-01-03,Beta,18
2021-01-03,Epsilon,32
2021-01-03,Iota,2
2021-01-03,Iota (S477N),1
2021-01-03,Omicron,1
2021-01-03,Other variant,668
2021-01-03,Zeta,2
2021-01-04,Alpha,900
2021-01-04,Beta,24
2021-01-04,Epsilon,137
2021-01-04,Iota,2
2021-01-04,Iota (E484K),1
2021-01-04,Iota (S477N),2
2021-01-04,Other variant,1362
2021-01-04,Zeta,3
2021-01-05,Alpha,756
2021-01-05,Beta,30
2021-01-05,Epsilon,169
2021-01-05,Iota,3
2021-01-05,Iota (E484K),2
2021-01-05,Iota (S477N),1
2021-01-05,Other variant,1338
2021-01-05,Zeta,4
2021-01-06,Alpha,554
2021-01-06,Beta,14
2021-01-06,Delta,3
2021-01-06,Epsilon,100
2021-01-06,Eta,4
2021-01-06,Iota (E484K),1
2021-01-06,Iota (S477N),1
2021-01-06,Other variant,1216
2021-01-06,Zeta,4
2021-01-07,Alpha,626
2021-01-07,Beta,23
2021-01-07,Epsilon,73
2021-01-07,Iota,4
2021-01-07,Iota (E484K),4
2021-01-07,Iota (S477N),1
2021-01-07,Omicron,1
2021-01-07,Other variant,988
2021-01-07,Zeta,4
2021-01-08,Alpha,842
2021-01-08,Beta,35
2021-01-08,Epsilon,124
2021-01-08,Eta,1
2021-01-08,Other variant,912
2021-01-08,Zeta,4
2021-01-09,Alpha,849
2021-01-09,Beta,9
2021-01-09,Delta,27
2021-01-09,Epsilon,136
2021-01-09,Gamma,1
2021-01-09,Other variant,706
2021-01-09,Zeta,2
2021-01-10,Alpha,741
2021-01-10,Beta,6
2021-01-10,Epsilon,56
2021-01-10,Omicron,1
2021-01-10,Other variant,536
2021-01-10,Zeta,1
2021-01-11,Alpha,1014
2021-01-11,Beta,29
2021-01-11,Delta,2
2021-01-11,Epsilon,130
2021-01-11,Eta,1
2021-01-11,Gamma,2
2021-01-11,Omicron,1
2021-01-11,Other variant,1192
2021-01-11,Zeta,6
2021-01-12,Alpha,1111
2021-01-12,Beta,28
2021-01-12,Epsilon,113
2021-01-12,Iota (E484K),1
2021-01-12,Other variant,1211
2021-01-12,Zeta,2
2021-01-13,Alpha,858
2021-01-13,Beta,32
2021-01-13,Epsilon,82
2021-01-13,Eta,2
2021-01-13,Other variant,887
2021-01-13,Zeta,7
2021-01-14,Alpha,870
2021-01-14,Beta,22
2021-01-14,Delta,1
2021-01-14,Epsilon,122
2021-01-14,Eta,3
2021-01-14,Iota,1
2021-01-14,Other variant,828
2021-01-14,Zeta,1
2021-01-15,Alpha,1116
2021-01-15,Beta,17
2021-01-15,Epsilon,128
2021-01-15,Eta,3
2021-01-15,Other variant,923
2021-01-15,Zeta,1
2021-01-16,Alpha,864
2021-01-16,Beta,13
2021-01-16,Epsilon,140
2021-01-16,Iota (E484K),1
2021-01-16,Iota (S477N),1
2021-01-16,Other variant,650
2021-01-16,Zeta,1
2021-01-17,Alpha,722
2021-01-17,Beta,10
2021-01-17,Epsilon,55
2021-01-17,Eta,1
2021-01-17,Other variant,459
2021-01-17,Zeta,2
2021-01-18,Alpha,1278
2021-01-18,Beta,35
2021-01-18,Epsilon,95
2021-01-18,Eta,1
2021-01-18,Gamma,5
2021-01-18,Iota,1
2021-01-18,Other variant,991
2021-01-18,Zeta,4
2021-01-19,Alpha,897
2021-01-19,Beta,21
2021-01-19,Epsilon,105
2021-01-19,Eta,2
2021-01-19,Other variant,963
2021-01-19,Zeta,3
2021-01-20,Alpha,878
2021-01-20,Beta,5
2021-01-20,Epsilon,48
2021-01-20,Eta,3
2021-01-20,Gamma,1
2021-01-20,Iota (E484K),2
2021-01-20,Other variant,793
2021-01-20,Zeta,7
2021-01-21,Alpha,834
2021-01-21,Beta,52
2021-01-21,Epsilon,56
2021-01-21,Eta,1
2021-01-21,Gamma,1
2021-01-21,Iota,1
2021-01-21,Iota (E484K),1
2021-01-21,Other variant,766
2021-01-21,Zeta,9
2021-01-22,Alpha,974
2021-01-22,Beta,41
2021-01-22,Epsilon,39
2021-01-22,Eta,1
2021-01-22,Omicron,1
2021-01-22,Other variant,651
2021-01-22,Zeta,8
2021-01-23,Alpha,671
2021-01-23,Beta,16
2021-01-23,Epsilon,25
2021-01-23,Iota,1
2021-01-23,Iota (E484K),1
2021-01-23,Iota (S477N),1
2021-01-23,Other variant,440
2021-01-23,Zeta,2
2021-01-24,Alpha,629
2021-01-24,Beta,33
2021-01-24,Epsilon,39
2021-01-24,Iota,1
2021-01-24,Iota (E484K),1
2021-01-24,Other variant,486
2021-01-24,Zeta,3
2021-01-25,Alpha,1410
2021-01-25,Beta,22
2021-01-25,Epsilon,89
2021-01-25,Eta,2
2021-01-25,Iota,1
2021-01-25,Iota (E484K),1
2021-01-25,Iota (S477N),1
2021-01-25,Other variant,1190
2021-01-25,Zeta,11
2021-01-26,Alpha,1342
2021-01-26,Beta,11
2021-01-26,Epsilon,64
2021-01-26,Eta,4
2021-01-26,Gamma,7
2021-01-26,Iota,1
2021-01-26,Iota (E484K),3
2021-01-26,Iota (S477N),1
2021-01-26,Other variant,824
2021-01-26,Zeta,17
2021-01-27,Alpha,1536
2021-01-27,Beta,3
2021-01-27,Epsilon,75
2021-01-27,Eta,4
2021-01-27,Gamma,2
2021-01-27,Iota,3
2021-01-27,Iota (E484K),9
2021-01-27,Iota (S477N),3
2021-01-27,Other variant,832
2021-01-27,Zeta,9
2021-01-28,Alpha,1112
2021-01-28,Beta,4
2021-01-28,Epsilon,99
2021-01-28,Eta,1
2021-01-28,Gamma,2
2021-01-28,Iota,1
2021-01-28,Iota (E484K),2
2021-01-28,Iota (S477N),1
2021-01-28,Lambda,1
2021-01-28,Other variant,608
2021-01-28,Zeta,5
2021-01-29,Alpha,1376
2021-01-29,Beta,7
2021-01-29,Epsilon,69
2021-01-29,Eta,2
2021-01-29,Gamma,1
2021-01-29,Iota,9
2021-01-29,Iota (E484K),21
2021-01-29,Iota (S477N),7
2021-01-29,Other variant,585
2021-01-29,Zeta,9
2021-01-30,Alpha,1091
2021-01-30,Beta,5
2021-01-30,Epsilon,21
2021-01-30,Eta,1
2021-01-30,Iota (E484K),10
2021-01-30,Iota (S477N),10
2021-01-30,Lambda,4
2021-01-30,Other variant,415
2021-01-31,Alpha,957
2021-01-31,Beta,9
2021-01-31,Epsilon,43
2021-01-31,Iota,5
2021-01-31,Iota (E484K),15
2021-01-31,Iota (S477N),6
2021-01-31,Other variant,479
2021-01-31,Zeta,6
2021-02-01,Alpha,1112
2021-02-01,Beta,19
2021-02-01,Epsilon,115
2021-02-01,Eta,4
2021-02-01,Gamma,6
2021-02-01,Iota,2
2021-02-01,Iota (E484K),4
2021-02-01,Lambda,1
2021-02-01,Other variant,1100
2021-02-01,Zeta,12
2021-02-02,Alpha,966
2021-02-02,Beta,9
2021-02-02,Epsilon,183
2021-02-02,Eta,2
2021-02-02,Iota,5
2021-02-02,Iota (E484K),10
2021-02-02,Iota (S477N),2
2021-02-02,Lambda,2
2021-02-02,Other variant,826
2021-02-02,Zeta,3
2021-02-03,Alpha,900
2021-02-03,Beta,13
2021-02-03,Epsilon,133
2021-02-03,Eta,3
2021-02-03,Gamma,1
2021-02-03,Iota,10
2021-02-03,Iota (E484K),20
2021-02-03,Iota (S477N),6
2021-02-03,Other variant,700
2021-02-03,Zeta,9
2021-02-04,Alpha,890
2021-02-04,Beta,11
2021-02-04,Delta,2
2021-02-04,Epsilon,158
2021-02-04,Gamma,1
2021-02-04,Iota,5
2021-02-04,Iota (E484K),9
2021-02-04,Iota (S477N),6
2021-02-04,Other variant,573
2021-02-04,Zeta,13
2021-02-05,Alpha,970
2021-02-05,Beta,10
2021-02-05,Epsilon,87
2021-02-05,Iota,1
2021-02-05,Iota (E484K),8
2021-02-05,Iota (S477N),3
2021-02-05,Lambda,1
2021-02-05,Other variant,450
2021-02-05,Zeta,4
2021-02-06,Alpha,1098
2021-02-06,Beta,6
2021-02-06,Delta,1
2021-02-06,Epsilon,29
2021-02-06,Eta,1
2021-02-06,Gamma,3
2021-02-06,Iota,7
2021-02-06,Iota (E484K),28
2021-02-06,Iota (S477N),14
2021-02-06,Other variant,506
2021-02-06,Zeta,1
2021-02-07,Alpha,923
2021-02-07,Beta,9
2021-02-07,Epsilon,57
2021-02-07,Iota,2
2021-02-07,Iota (E484K),10
2021-02-07,Iota (S477N),1
2021-02-07,Other variant,386
2021-02-07,Zeta,4
2021-02-08,Alpha,1763
2021-02-08,Beta,7
2021-02-08,Epsilon,198
2021-02-08,Eta,8
2021-02-08,Gamma,2
2021-02-08,Iota,9
2021-02-08,Iota (E484K),37
2021-02-08,Iota (S477N),13
2021-02-08,Lambda,2
2021-02-08,Other variant,1057
2021-02-08,Zeta,12
2021-02-09,Alpha,1317
2021-02-09,Beta,10
2021-02-09,Delta,36
2021-02-09,Epsilon,233
2021-02-09,Eta,1
2021-02-09,Iota,6
2021-02-09,Iota (E484K),22
2021-02-09,Iota (S477N),15
2021-02-09,Lambda,2
2021-02-09,Other variant,794
2021-02-09,Zeta,9
2021-02-10,Alpha,1554
2021-02-10,Beta,9
2021-02-10,Delta,1
2021-02-10,Epsilon,134
2021-02-10,Eta,4
2021-02-10,Iota,1
2021-02-10,Iota (E484K),23
2021-02-10,Iota (S477N),11
2021-02-10,Other variant,796
2021-02-10,Zeta,12
2021-02-11,Alpha,1405
2021-02-11,Beta,8
2021-02-11,Epsilon,83
2021-02-11,Eta,3
2021-02-11,Iota,5
2021-02-11,Iota (E484K),11
2021-02-11,Iota (S477N),1
2021-02-11,Other variant,732
2021-02-11,Zeta,6
2021-02-12,Alpha,1252
2021-02-12,Beta,12
2021-02-12,Epsilon,94
2021-02-12,Eta,4
2021-02-12,Gamma,1
2021-02-12,Iota,1
2021-02-12,Iota (E484K),6
2021-02-12,Iota (S477N),5
2021-02-12,Other variant,615
2021-02-12,Zeta,4
2021-02-13,Alpha,1042
2021-02-13,Beta,3
2021-02-13,Epsilon,100
2021-02-13,Eta,3
2021-02-13,Gamma,1
2021-02-13,Iota,14
2021-02-13,Iota (E484K),39
2021-02-13,Iota (S477N),20
2021-02-13,Lambda,5
2021-02-13,Other variant,640
2021-02-13,Zeta,5
2021-02-14,Alpha,1275
2021-02-14,Beta,4
2021-02-14,Epsilon,84
2021-02-14,Eta,4
2021-02-14,Gamma,2
2021-02-14,Iota,1
2021-02-14,Iota (E484K),12
2021-02-14,Iota (S477N),9
2021-02-14,Other variant,483
2021-02-14,Zeta,6
2021-02-15,Alpha,1522
2021-02-15,Beta,6
2021-02-15,Epsilon,156
2021-02-15,Eta,7
2021-02-15,Iota,7
2021-02-15,Iota (E484K),23
2021-02-15,Iota (S477N),15
2021-02-15,Lambda,1
2021-02-15,Other variant,758
2021-02-15,Zeta,3
2021-02-16,Alpha,1299
2021-02-16,Beta,17
2021-02-16,Epsilon,113
2021-02-16,Eta,5
2021-02-16,Gamma,1
2021-02-16,Iota,17
2021-02-16,Iota (E484K),48
2021-02-16,Iota (S477N),22
2021-02-16,Other variant,811
2021-02-16,Zeta,7
2021-02-17,Alpha,991
2021-02-17,Beta,18
2021-02-17,Epsilon,130
2021-02-17,Eta,5
2021-02-17,Gamma,1
2021-02-17,Iota,4
2021-02-17,Iota (E484K),15
2021-02-17,Iota (S477N),16
2021-02-17,Lambda,4
2021-02-17,Other variant,750
2021-02-17,Zeta,7
2021-02-18,Alpha,938
2021-02-18,Beta,9
2021-02-18,Epsilon,111
2021-02-18,Eta,4
2021-02-18,Gamma,1
2021-02-18,Iota,2
2021-02-18,Iota (E484K),9
2021-02-18,Iota (S477N),3
2021-02-18,Other variant,492
2021-02-19,Alpha,890
2021-02-19,Beta,16
2021-02-19,Delta,1
2021-02-19,Epsilon,92
2021-02-19,Eta,1
2021-02-19,Gamma,1
2021-02-19,Iota,5
2021-02-19,Iota (E484K),15
2021-02-19,Iota (S477N),10
2021-02-19,Other variant,578
2021-02-19,Zeta,6
2021-02-20,Alpha,927
2021-02-20,Beta,4
2021-02-20,Delta,1
2021-02-20,Epsilon,95
2021-02-20,Eta,6
2021-02-20,Iota,3
2021-02-20,Iota (E484K),15
2021-02-20,Iota (S477N),7
2021-02-20,Omicron,1
2021-02-20,Other variant,512
2021-02-20,Zeta,8
2021-02-21,Alpha,1275
2021-02-21,Beta,14
2021-02-21,Epsilon,85
2021-02-21,Eta,3
2021-02-21,Gamma,1
2021-02-21,Iota (E484K),13
2021-02-21,Iota (S477N),4
2021-02-21,Other variant,435
2021-02-21,Zeta,4
2021-02-22,Alpha,1697
2021-02-22,Beta,9
2021-02-22,Delta,1
2021-02-22,Epsilon,170
2021-02-22,Eta,7
2021-02-22,Iota,8
2021-02-22,Iota (E484K),44
2021-02-22,Iota (S477N),19
2021-02-22,Kappa,1
2021-02-22,Lambda,1
2021-02-22,Other variant,873
2021-02-22,Zeta,6
2021-02-23,Alpha,1248
2021-02-23,Beta,12
2021-02-23,Delta,1
2021-02-23,Epsilon,162
2021-02-23,Eta,9
2021-02-23,Iota,14
2021-02-23,Iota (E484K),49
2021-02-23,Iota (S477N),20
2021-02-23,Lambda,1
2021-02-23,Other variant,774
2021-02-23,Zeta,2
2021-02-24,Alpha,1022
2021-02-24,Beta,14
2021-02-24,Epsilon,213
2021-02-24,Eta,11
2021-02-24,Gamma,1
2021-02-24,Iota,4
2021-02-24,Iota (E484K),30
2021-02-24,Iota (S477N),24
2021-02-24,Other variant,957
2021-02-24,Zeta,16
2021-02-25,Alpha,1639
2021-02-25,Beta,17
2021-02-25,Epsilon,135
2021-02-25,Eta,12
2021-02-25,Gamma,1
2021-02-25,Iota,3
2021-02-25,Iota (E484K),38
2021-02-25,Iota (S477N),22
2021-02-25,Other variant,720
2021-02-25,Zeta,7
2021-02-26,Alpha,1143
2021-02-26,Beta,21
2021-02-26,Epsilon,87
2021-02-26,Eta,8
2021-02-26,Iota,9
2021-02-26,Iota (E484K),55
2021-02-26,Iota (S477N),35
2021-02-26,Kappa,2
2021-02-26,Other variant,644
2021-02-26,Zeta,5
2021-02-27,Alpha,839
2021-02-27,Beta,19
2021-02-27,Epsilon,104
2021-02-27,Eta,7
2021-02-27,Gamma,1
2021-02-27,Iota,10
2021-02-27,Iota (E484K),41
2021-02-27,Iota (S477N),24
2021-02-27,Lambda,1
2021-02-27,Other variant,414
2021-02-27,Zeta,1
2021-02-28,Alpha,880
2021-02-28,Beta,6
2021-02-28,Epsilon,57
2021-02-28,Eta,6
2021-02-28,Iota,12
2021-02-28,Iota (E484K),42
2021-02-28,Iota (S477N),24
2021-02-28,Other variant,396
2021-02-28,Zeta,1
2021-03-01,Alpha,1455
2021-03-01,Beta,27
2021-03-01,Epsilon,162
2021-03-01,Eta,12
2021-03-01,Gamma,5
2021-03-01,Iota,12
2021-03-01,Iota (E484K),47
2021-03-01,Iota (S477N),38
2021-03-01,Other variant,917
2021-03-01,Theta,1
2021-03-01,Zeta,7
2021-03-02,Alpha,1555
2021-03-02,Beta,20
2021-03-02,Epsilon,207
2021-03-02,Eta,10
2021-03-02,Gamma,9
2021-03-02,Iota,13
2021-03-02,Iota (E484K),66
2021-03-02,Iota (S477N),24
2021-03-02,Kappa,1
2021-03-02,Other variant,1045
2021-03-02,Zeta,7
2021-03-03,Alpha,1562
2021-03-03,Beta,16
2021-03-03,Epsilon,186
2021-03-03,Eta,9
2021-03-03,Gamma,7
2021-03-03,Iota,6
2021-03-03,Iota (E484K),59
2021-03-03,Iota (S477N),60
2021-03-03,Lambda,2
2021-03-03,Other variant,1261
2021-03-03,Theta,2
2021-03-03,Zeta,12
2021-03-04,Alpha,1457
2021-03-04,Beta,22
2021-03-04,Epsilon,254
2021-03-04,Eta,5
2021-03-04,Gamma,8
2021-03-04,Iota,12
2021-03-04,Iota (E484K),53
2021-03-04,Iota (S477N),36
2021-03-04,Kappa,2
2021-03-04,Lambda,2
2021-03-04,Other variant,949
2021-03-04,Zeta,8
2021-03-05,Alpha,1241
2021-03-05,Beta,19
2021-03-05,Epsilon,116
2021-03-05,Eta,4
2021-03-05,Gamma,8
2021-03-05,Iota,7
2021-03-05,Iota (E484K),50
2021-03-05,Iota (S477N),15
2021-03-05,Other variant,691
2021-03-05,Zeta,6
2021-03-06,Alpha,891
2021-03-06,Beta,13
2021-03-06,Epsilon,140
2021-03-06,Eta,7
2021-03-06,Gamma,5
2021-03-06,Iota,3
2021-03-06,Iota (E484K),37
2021-03-06,Iota (S477N),24
2021-03-06,Kappa,1
2021-03-06,Lambda,1
2021-03-06,Other variant,471
2021-03-06,Zeta,7
2021-03-07,Alpha,963
2021-03-07,Beta,17
2021-03-07,Epsilon,125
2021-03-07,Eta,9
2021-03-07,Gamma,4
2021-03-07,Iota,7
2021-03-07,Iota (E484K),46
2021-03-07,Iota (S477N),24
2021-03-07,Kappa,1
2021-03-07,Other variant,597
2021-03-07,Zeta,2
2021-03-08,Alpha,1764
2021-03-08,Beta,44
2021-03-08,Epsilon,164
2021-03-08,Eta,12
2021-03-08,Gamma,14
2021-03-08,Iota,12
2021-03-08,Iota (E484K),93
2021-03-08,Iota (S477N),37
2021-03-08,Lambda,4
2021-03-08,Other variant,1150
2021-03-08,Zeta,14
2021-03-09,Alpha,1525
2021-03-09,Beta,53
2021-03-09,Delta,34
2021-03-09,Epsilon,141
2021-03-09,Eta,12
2021-03-09,Gamma,14
2021-03-09,Iota,25
2021-03-09,Iota (E484K),84
2021-03-09,Iota (S477N),54
2021-03-09,Kappa,2
2021-03-09,Other variant,1052
2021-03-09,Zeta,15
2021-03-10,Alpha,1722
2021-03-10,Beta,22
2021-03-10,Epsilon,137
2021-03-10,Eta,18
2021-03-10,Gamma,13
2021-03-10,Iota,18
2021-03-10,Iota (E484K),100
2021-03-10,Iota (S477N),56
2021-03-10,Kappa,2
2021-03-10,Lambda,4
2021-03-10,Other variant,1156
2021-03-10,Zeta,7
2021-03-11,Alpha,1742
2021-03-11,Beta,35
2021-03-11,Epsilon,191
2021-03-11,Eta,20
2021-03-11,Gamma,16
2021-03-11,Iota,11
2021-03-11,Iota (E484K),71
2021-03-11,Iota (S477N),44
2021-03-11,Lambda,2
2021-03-11,Other variant,963
2021-03-11,Zeta,12
2021-03-12,Alpha,1816
2021-03-12,Beta,38
2021-03-12,Epsilon,189
2021-03-12,Eta,9
2021-03-12,Gamma,38
2021-03-12,Iota,22
2021-03-12,Iota (E484K),116
2021-03-12,Iota (S477N),81
2021-03-12,Kappa,2
2021-03-12,Lambda,6
2021-03-12,Mu,1
2021-03-12,Other variant,1273
2021-03-12,Zeta,14
2021-03-13,Alpha,1528
2021-03-13,Beta,29
2021-03-13,Delta,1
2021-03-13,Epsilon,150
2021-03-13,Eta,14
2021-03-13,Gamma,19
2021-03-13,Iota,17
2021-03-13,Iota (E484K),109
2021-03-13,Iota (S477N),73
2021-03-13,Lambda,7
2021-03-13,Other variant,931
2021-03-13,Zeta,10
2021-03-14,Alpha,1538
2021-03-14,Beta,19
2021-03-14,Epsilon,142
2021-03-14,Eta,7
2021-03-14,Gamma,15
2021-03-14,Iota,10
2021-03-14,Iota (E484K),112
2021-03-14,Iota (S477N),34
2021-03-14,Kappa,1
2021-03-14,Lambda,3
2021-03-14,Other variant,710
2021-03-14,Zeta,11
2021-03-15,Alpha,2171
2021-03-15,Beta,22
2021-03-15,Epsilon,201
2021-03-15,Eta,15
2021-03-15,Gamma,42
2021-03-15,Iota,12
2021-03-15,Iota (E484K),145
2021-03-15,Iota (S477N),80
2021-03-15,Kappa,3
2021-03-15,Lambda,26
2021-03-15,Other variant,1088
2021-03-15,Zeta,11
2021-03-16,Alpha,2051
2021-03-16,Beta,40
2021-03-16,Delta,2
2021-03-16,Epsilon,256
2021-03-16,Eta,11
2021-03-16,Gamma,43
2021-03-16,Iota,14
2021-03-16,Iota (E484K),136
2021-03-16,Iota (S477N),63
2021-03-16,Kappa,2
2021-03-16,Lambda,7
2021-03-16,Mu,1
2021-03-16,Other variant,1114
2021-03-16,Zeta,16
2021-03-17,Alpha,1714
2021-03-17,Beta,34
2021-03-17,Delta,1
2021-03-17,Epsilon,185
2021-03-17,Eta,12
2021-03-17,Gamma,16
2021-03-17,Iota,13
2021-03-17,Iota (E484K),151
2021-03-17,Iota (S477N),69
2021-03-17,Kappa,1
2021-03-17,Lambda,3
2021-03-17,Other variant,958
2021-03-17,Zeta,12
2021-03-18,Alpha,1961
2021-03-18,Beta,38
2021-03-18,Delta,1
2021-03-18,Epsilon,192
2021-03-18,Eta,13
2021-03-18,Gamma,29
2021-03-18,Iota,6
2021-03-18,Iota (E484K),119
2021-03-18,Iota (S477N),65
2021-03-18,Kappa,2
2021-03-18,Lambda,2
2021-03-18,Mu,1
2021-03-18,Other variant,950
2021-03-18,Theta,1
2021-03-18,Zeta,15
2021-03-19,Alpha,1771
2021-03-19,Beta,19
2021-03-19,Epsilon,186
2021-03-19,Eta,7
2021-03-19,Gamma,41
2021-03-19,Iota,8
2021-03-19,Iota (E484K),101
2021-03-19,Iota (S477N),57
2021-03-19,Kappa,2
2021-03-19,Lambda,2
2021-03-19,Mu,1
2021-03-19,Other variant,823
2021-03-19,Zeta,17
2021-03-20,Alpha,1554
2021-03-20,Beta,21
2021-03-20,Delta,1
2021-03-20,Epsilon,150
2021-03-20,Eta,16
2021-03-20,Gamma,27
2021-03-20,Iota,9
2021-03-20,Iota (E484K),113
2021-03-20,Iota (S477N),89
2021-03-20,Kappa,3
2021-03-20,Lambda,1
2021-03-20,Other variant,701
2021-03-20,Zeta,9
2021-03-21,Alpha,1610
2021-03-21,Beta,31
2021-03-21,Delta,1
2021-03-21,Epsilon,142
2021-03-21,Eta,16
2021-03-21,Gamma,43
2021-03-21,Iota,10
2021-03-21,Iota (E484K),130
2021-03-21,Iota (S477N),101
2021-03-21,Kappa,3
2021-03-21,Other variant,619
2021-03-21,Zeta,7
2021-03-22,Alpha,2243
2021-03-22,Beta,31
2021-03-22,Epsilon,193
2021-03-22,Eta,9
2021-03-22,Gamma,37
2021-03-22,Iota,15
2021-03-22,Iota (E484K),142
2021-03-22,Iota (S477N),72
2021-03-22,Kappa,1
2021-03-22,Lambda,3
2021-03-22,Mu,1
2021-03-22,Other variant,880
2021-03-22,Zeta,10
2021-03-23,Alpha,2027
2021-03-23,Beta,24
2021-03-23,Delta,3
2021-03-23,Epsilon,144
2021-03-23,Eta,7
2021-03-23,Gamma,38
2021-03-23,Iota,15
2021-03-23,Iota (E484K),108
2021-03-23,Iota (S477N),82
2021-03-23,Kappa,3
2021-03-23,Lambda,4
2021-03-23,Mu,1
2021-03-23,Other variant,785
2021-03-23,Zeta,11
2021-03-24,Alpha,2118
2021-03-24,Beta,38
2021-03-24,Delta,2
2021-03-24,Epsilon,228
2021-03-24,Eta,11
2021-03-24,Gamma,63
2021-03-24,Iota,6
2021-03-24,Iota (E484K),177
2021-03-24,Iota (S477N),130
2021-03-24,Kappa,1
2021-03-24,Lambda,7
2021-03-24,Other variant,901
2021-03-24,Zeta,15
2021-03-25,Alpha,2128
2021-03-25,Beta,22
2021-03-25,Delta,4
2021-03-25,Epsilon,163
2021-03-25,Eta,13
2021-03-25,Gamma,56
2021-03-25,Iota,14
2021-03-25,Iota (E484K),161
2021-03-25,Iota (S477N),112
2021-03-25,Kappa,7
2021-03-25,Lambda,5
2021-03-25,Mu,1
2021-03-25,Other variant,757
2021-03-25,Theta,2
2021-03-25,Zeta,12
2021-03-26,Alpha,1674
2021-03-26,Beta,15
2021-03-26,Epsilon,121
2021-03-26,Eta,2
2021-03-26,Gamma,39
2021-03-26,Iota,13
2021-03-26,Iota (E484K),133
2021-03-26,Iota (S477N),75
2021-03-26,Kappa,1
2021-03-26,Lambda,4
2021-03-26,Other variant,546
2021-03-26,Zeta,12
2021-03-27,Alpha,1355
2021-03-27,Beta,15
2021-03-27,Epsilon,100
2021-03-27,Eta,4
2021-03-27,Gamma,37
2021-03-27,Iota,9
2021-03-27,Iota (E484K),154
2021-03-27,Iota (S477N),67
2021-03-27,Kappa,1
2021-03-27,Lambda,2
2021-03-27,Mu,2
2021-03-27,Other variant,490
2021-03-27,Zeta,3
2021-03-28,Alpha,1261
2021-03-28,Beta,17
2021-03-28,Delta,1
2021-03-28,Epsilon,72
2021-03-28,Eta,1
2021-03-28,Gamma,21
2021-03-28,Iota,6
2021-03-28,Iota (E484K),126
2021-03-28,Iota (S477N),60
2021-03-28,Kappa,5
2021-03-28,Lambda,1
2021-03-28,Other variant,315
2021-03-28,Zeta,2
2021-03-29,Alpha,1962
2021-03-29,Beta,18
2021-03-29,Epsilon,176
2021-03-29,Eta,12
2021-03-29,Gamma,50
2021-03-29,Iota,14
2021-03-29,Iota (E484K),157
2021-03-29,Iota (S477N),100
2021-03-29,Kappa,4
2021-03-29,Lambda,2
2021-03-29,Other variant,726
2021-03-29,Zeta,25
2021-03-30,Alpha,1945
2021-03-30,Beta,22
2021-03-30,Delta,2
2021-03-30,Epsilon,159
2021-03-30,Eta,7
2021-03-30,Gamma,43
2021-03-30,Iota,10
2021-03-30,Iota (E484K),150
2021-03-30,Iota (S477N),81
2021-03-30,Kappa,3
2021-03-30,Lambda,5
2021-03-30,Mu,1
2021-03-30,Other variant,532
2021-03-30,Zeta,6
2021-03-31,Alpha,1997
2021-03-31,Beta,26
2021-03-31,Delta,3
2021-03-31,Epsilon,141
2021-03-31,Eta,10
2021-03-31,Gamma,65
2021-03-31,Iota,12
2021-03-31,Iota (E484K),162
2021-03-31,Iota (S477N),101
2021-03-31,Kappa,6
2021-03-31,Lambda,9
2021-03-31,Mu,3
2021-03-31,Other variant,558
2021-03-31,Zeta,8
2021-04-01,Alpha,2086
2021-04-01,Beta,34
2021-04-01,Delta,4
2021-04-01,Epsilon,142
2021-04-01,Eta,26
2021-04-01,Gamma,95
2021-04-01,Iota,12
2021-04-01,Iota (E484K),191
2021-04-01,Iota (S477N),91
2021-04-01,Lambda,3
2021-04-01,Other variant,698
2021-04-01,Theta,1
2021-04-01,Zeta,23
2021-04-02,Alpha,2086
2021-04-02,Beta,14
2021-04-02,Delta,2
2021-04-02,Epsilon,173
2021-04-02,Eta,13
2021-04-02,Gamma,110
2021-04-02,Iota,15
2021-04-02,Iota (E484K),223
2021-04-02,Iota (S477N),105
2021-04-02,Kappa,4
2021-04-02,Lambda,7
2021-04-02,Other variant,692
2021-04-02,Zeta,28
2021-04-03,Alpha,1804
2021-04-03,Beta,34
2021-04-03,Delta,5
2021-04-03,Epsilon,126
2021-04-03,Eta,8
2021-04-03,Gamma,74
2021-04-03,Iota,16
2021-04-03,Iota (E484K),157
2021-04-03,Iota (S477N),116
2021-04-03,Kappa,5
2021-04-03,Lambda,3
2021-04-03,Mu,1
2021-04-03,Other variant,500
2021-04-03,Zeta,23
2021-04-04,Alpha,1412
2021-04-04,Beta,20
2021-04-04,Delta,3
2021-04-04,Epsilon,75
2021-04-04,Eta,8
2021-04-04,Gamma,50
2021-04-04,Iota,7
2021-04-04,Iota (E484K),118
2021-04-04,Iota (S477N),40
2021-04-04,Kappa,7
2021-04-04,Mu,1
2021-04-04,Other variant,313
2021-04-04,Zeta,10
2021-04-05,Alpha,2248
2021-04-05,Beta,31
2021-04-05,Delta,5
2021-04-05,Epsilon,129
2021-04-05,Eta,8
2021-04-05,Gamma,122
2021-04-05,Iota,13
2021-04-05,Iota (E484K),198
2021-04-05,Iota (S477N),119
2021-04-05,Kappa,5
2021-04-05,Lambda,4
2021-04-05,Mu,1
2021-04-05,Other variant,741
2021-04-05,Zeta,15
2021-04-06,Alpha,2159
2021-04-06,Beta,30
2021-04-06,Delta,12
2021-04-06,Epsilon,101
2021-04-06,Eta,14
2021-04-06,Gamma,100
2021-04-06,Iota,15
2021-04-06,Iota (E484K),174
2021-04-06,Iota (S477N),134
2021-04-06,Kappa,5
2021-04-06,Lambda,1
2021-04-06,Other variant,634
2021-04-06,Zeta,11
2021-04-07,Alpha,1907
2021-04-07,Beta,28
2021-04-07,Delta,7
2021-04-07,Epsilon,86
2021-04-07,Eta,16
2021-04-07,Gamma,68
2021-04-07,Iota,8
2021-04-07,Iota (E484K),143
2021-04-07,Iota (S477N),76
2021-04-07,Kappa,6
2021-04-07,Lambda,1
2021-04-07,Mu,3
2021-04-07,Other variant,556
2021-04-07,Zeta,13
2021-04-08,Alpha,1773
2021-04-08,Beta,18
2021-04-08,Delta,2
2021-04-08,Epsilon,88
2021-04-08,Eta,14
2021-04-08,Gamma,88
2021-04-08,Iota,11
2021-04-08,Iota (E484K),147
2021-04-08,Iota (S477N),97
2021-04-08,Kappa,3
2021-04-08,Lambda,5
2021-04-08,Mu,1
2021-04-08,Other variant,434
2021-04-08,Zeta,11
2021-04-09,Alpha,2369
2021-04-09,Beta,23
2021-04-09,Delta,33
2021-04-09,Epsilon,116
2021-04-09,Eta,14
2021-04-09,Gamma,87
2021-04-09,Iota,9
2021-04-09,Iota (E484K),232
2021-04-09,Iota (S477N),129
2021-04-09,Kappa,8
2021-04-09,Lambda,7
2021-04-09,Mu,1
2021-04-09,Other variant,587
2021-04-09,Zeta,11
2021-04-10,Alpha,1832
2021-04-10,Beta,26
2021-04-10,Delta,8
2021-04-10,Epsilon,94
2021-04-10,Eta,17
2021-04-10,Gamma,103
2021-04-10,Iota,13
2021-04-10,Iota (E484K),172
2021-04-10,Iota (S477N),114
2021-04-10,Kappa,6
2021-04-10,Lambda,7
2021-04-10,Mu,1
2021-04-10,Other variant,433
2021-04-10,Zeta,8
2021-04-11,Alpha,1446
2021-04-11,Beta,24
2021-04-11,Delta,24
2021-04-11,Epsilon,66
2021-04-11,Eta,12
2021-04-11,Gamma,84
2021-04-11,Iota,9
2021-04-11,Iota (E484K),147
2021-04-11,Iota (S477N),114
2021-04-11,Kappa,7
2021-04-11,Lambda,3
2021-04-11,Mu,3
2021-04-11,Other variant,388
2021-04-11,Zeta,9
2021-04-12,Alpha,2410
2021-04-12,Beta,29
2021-04-12,Delta,15
2021-04-12,Epsilon,98
2021-04-12,Eta,20
2021-04-12,Gamma,140
2021-04-12,Iota,10
2021-04-12,Iota (E484K),218
2021-04-12,Iota (S477N),130
2021-04-12,Kappa,4
2021-04-12,Lambda,4
2021-04-12,Mu,2
2021-04-12,Other variant,601
2021-04-12,Zeta,12
2021-04-13,Alpha,2284
2021-04-13,Beta,23
2021-04-13,Delta,18
2021-04-13,Epsilon,90
2021-04-13,Eta,10
2021-04-13,Gamma,132
2021-04-13,Iota,11
2021-04-13,Iota (E484K),206
2021-04-13,Iota (S477N),140
2021-04-13,Kappa,14
2021-04-13,Lambda,4
2021-04-13,Mu,11
2021-04-13,Other variant,579
2021-04-13,Zeta,30
2021-04-14,Alpha,2358
2021-04-14,Beta,34
2021-04-14,Delta,18
2021-04-14,Epsilon,84
2021-04-14,Eta,20
2021-04-14,Gamma,113
2021-04-14,Iota,20
2021-04-14,Iota (E484K),204
2021-04-14,Iota (S477N),151
2021-04-14,Kappa,4
2021-04-14,Lambda,5
2021-04-14,Mu,6
2021-04-14,Other variant,530
2021-04-14,Zeta,29
2021-04-15,Alpha,1767
2021-04-15,Beta,17
2021-04-15,Delta,40
2021-04-15,Epsilon,59
2021-04-15,Eta,10
2021-04-15,Gamma,82
2021-04-15,Iota,7
2021-04-15,Iota (E484K),137
2021-04-15,Iota (S477N),126
2021-04-15,Kappa,5
2021-04-15,Lambda,7
2021-04-15,Mu,2
2021-04-15,Other variant,393
2021-04-15,Zeta,20
2021-04-16,Alpha,1532
2021-04-16,Beta,20
2021-04-16,Delta,32
2021-04-16,Epsilon,60
2021-04-16,Eta,12
2021-04-16,Gamma,68
2021-04-16,Iota,14
2021-04-16,Iota (E484K),166
2021-04-16,Iota (S477N),87
2021-04-16,Kappa,13
2021-04-16,Lambda,4
2021-04-16,Mu,1
2021-04-16,Other variant,304
2021-04-16,Zeta,15
2021-04-17,Alpha,1230
2021-04-17,Beta,9
2021-04-17,Delta,28
2021-04-17,Epsilon,39
2021-04-17,Eta,15
2021-04-17,Gamma,79
2021-04-17,Iota,3
2021-04-17,Iota (E484K),137
2021-04-17,Iota (S477N),104
2021-04-17,Kappa,12
2021-04-17,Lambda,1
2021-04-17,Mu,3
2021-04-17,Other variant,299
2021-04-17,Zeta,34
2021-04-18,Alpha,1008
2021-04-18,Beta,7
2021-04-18,Delta,26
2021-04-18,Epsilon,45
2021-04-18,Eta,17
2021-04-18,Gamma,52
2021-04-18,Iota,3
2021-04-18,Iota (E484K),72
2021-04-18,Iota (S477N),63
2021-04-18,Kappa,3
2021-04-18,Lambda,1
2021-04-18,Mu,1
2021-04-18,Other variant,227
2021-04-18,Zeta,8
2021-04-19,Alpha,2071
2021-04-19,Beta,24
2021-04-19,Delta,52
2021-04-19,Epsilon,77
2021-04-19,Eta,13
2021-04-19,Gamma,103
2021-04-19,Iota,9
2021-04-19,Iota (E484K),178
2021-04-19,Iota (S477N),115
2021-04-19,Kappa,8
2021-04-19,Lambda,2
2021-04-19,Mu,3
2021-04-19,Other variant,404
2021-04-19,Zeta,28
2021-04-20,Alpha,1563
2021-04-20,Beta,25
2021-04-20,Delta,45
2021-04-20,Epsilon,50
2021-04-20,Eta,9
2021-04-20,Gamma,69
2021-04-20,Iota,6
2021-04-20,Iota (E484K),109
2021-04-20,Iota (S477N),70
2021-04-20,Kappa,2
2021-04-20,Lambda,4
2021-04-20,Mu,3
2021-04-20,Other variant,314
2021-04-20,Zeta,8
2021-04-21,Alpha,1946
2021-04-21,Beta,31
2021-04-21,Delta,40
2021-04-21,Epsilon,71
2021-04-21,Eta,23
2021-04-21,Gamma,90
2021-04-21,Iota,4
2021-04-21,Iota (E484K),129
2021-04-21,Iota (S477N),117
2021-04-21,Kappa,4
2021-04-21,Lambda,2
2021-04-21,Mu,1
2021-04-21,Other variant,310
2021-04-21,Zeta,48
2021-04-22,Alpha,1643
2021-04-22,Beta,12
2021-04-22,Delta,53
2021-04-22,Epsilon,52
2021-04-22,Eta,17
2021-04-22,Gamma,99
2021-04-22,Iota,4
2021-04-22,Iota (E484K),100
2021-04-22,Iota (S477N),103
2021-04-22,Kappa,6
2021-04-22,Lambda,11
2021-04-22,Mu,7
2021-04-22,Other variant,318
2021-04-22,Zeta,17
2021-04-23,Alpha,1496
2021-04-23,Beta,13
2021-04-23,Delta,38
2021-04-23,Epsilon,85
2021-04-23,Eta,10
2021-04-23,Gamma,82
2021-04-23,Iota,5
2021-04-23,Iota (E484K),110
2021-04-23,Iota (S477N),78
2021-04-23,Kappa,7
2021-04-23,Mu,6
2021-04-23,Other variant,247
2021-04-23,Theta,1
2021-04-23,Zeta,19
2021-04-24,Alpha,879
2021-04-24,Beta,7
2021-04-24,Delta,45
2021-04-24,Epsilon,24
2021-04-24,Eta,13
2021-04-24,Gamma,55
2021-04-24,Iota,3
2021-04-24,Iota (E484K),64
2021-04-24,Iota (S477N),75
2021-04-24,Kappa,8
2021-04-24,Lambda,6
2021-04-24,Mu,5
2021-04-24,Other variant,195
2021-04-24,Zeta,17
2021-04-25,Alpha,887
2021-04-25,Beta,6
2021-04-25,Delta,54
2021-04-25,Epsilon,14
2021-04-25,Eta,8
2021-04-25,Gamma,41
2021-04-25,Iota,3
2021-04-25,Iota (E484K),47
2021-04-25,Iota (S477N),33
2021-04-25,Kappa,4
2021-04-25,Mu,2
2021-04-25,Other variant,160
2021-04-25,Zeta,11
2021-04-26,Alpha,1607
2021-04-26,Beta,14
2021-04-26,Delta,71
2021-04-26,Epsilon,47
2021-04-26,Eta,9
2021-04-26,Gamma,111
2021-04-26,Iota,3
2021-04-26,Iota (E484K),107
2021-04-26,Iota (S477N),95
2021-04-26,Kappa,5
2021-04-26,Lambda,4
2021-04-26,Mu,9
2021-04-26,Other variant,362
2021-04-26,Zeta,30
2021-04-27,Alpha,1677
2021-04-27,Beta,13
2021-04-27,Delta,50
2021-04-27,Epsilon,49
2021-04-27,Eta,16
2021-04-27,Gamma,101
2021-04-27,Iota,8
2021-04-27,Iota (E484K),85
2021-04-27,Iota (S477N),80
2021-04-27,Kappa,11
2021-04-27,Lambda,4
2021-04-27,Mu,14
2021-04-27,Other variant,323
2021-04-27,Zeta,28
2021-04-28,Alpha,1605
2021-04-28,Beta,13
2021-04-28,Delta,61
2021-04-28,Epsilon,29
2021-04-28,Eta,17
2021-04-28,Gamma,88
2021-04-28,Iota,3
2021-04-28,Iota (E484K),104
2021-04-28,Iota (S477N),65
2021-04-28,Kappa,7
2021-04-28,Lambda,2
2021-04-28,Mu,5
2021-04-28,Other variant,313
2021-04-28,Zeta,22
2021-04-29,Alpha,1732
2021-04-29,Beta,12
2021-04-29,Delta,73
2021-04-29,Epsilon,52
2021-04-29,Eta,22
2021-04-29,Gamma,109
2021-04-29,Iota,8
2021-04-29,Iota (E484K),88
2021-04-29,Iota (S477N),85
2021-04-29,Kappa,9
2021-04-29,Lambda,8
2021-04-29,Mu,1
2021-04-29,Other variant,347
2021-04-29,Zeta,26
2021-04-30,Alpha,1489
2021-04-30,Beta,13
2021-04-30,Delta,80
2021-04-30,Epsilon,32
2021-04-30,Eta,8
2021-04-30,Gamma,92
2021-04-30,Iota,4
2021-04-30,Iota (E484K),75
2021-04-30,Iota (S477N),66
2021-04-30,Kappa,8
2021-04-30,Lambda,7
2021-04-30,Mu,2
2021-04-30,Other variant,261
2021-04-30,Zeta,16
2021-05-01,Alpha,866
2021-05-01,Beta,11
2021-05-01,Delta,59
2021-05-01,Epsilon,20
2021-05-01,Eta,5
2021-05-01,Gamma,39
2021-05-01,Iota,1
2021-05-01,Iota (E484K),54
2021-05-01,Iota (S477N),45
2021-05-01,Kappa,13
2021-05-01,Lambda,13
2021-05-01,Mu,6
2021-05-01,Other variant,179
2021-05-01,Zeta,13
2021-05-02,Alpha,731
2021-05-02,Beta,10
2021-05-02,Delta,55
2021-05-02,Epsilon,8
2021-05-02,Eta,7
2021-05-02,Gamma,46
2021-05-02,Iota,3
2021-05-02,Iota (E484K),34
2021-05-02,Iota (S477N),42
2021-05-02,Kappa,2
2021-05-02,Lambda,4
2021-05-02,Other variant,143
2021-05-02,Zeta,9
2021-05-03,Alpha,1505
2021-05-03,Beta,20
2021-05-03,Delta,90
2021-05-03,Epsilon,28
2021-05-03,Eta,18
2021-05-03,Gamma,106
2021-05-03,Iota,4
2021-05-03,Iota (E484K),60
2021-05-03,Iota (S477N),63
2021-05-03,Kappa,1
2021-05-03,Lambda,5
2021-05-03,Mu,8
2021-05-03,Other variant,332
2021-05-03,Zeta,34
2021-05-04,Alpha,1811
2021-05-04,Beta,22
2021-05-04,Delta,89
2021-05-04,Epsilon,28
2021-05-04,Eta,16
2021-05-04,Gamma,97
2021-05-04,Iota,1
2021-05-04,Iota (E484K),83
2021-05-04,Iota (S477N),79
2021-05-04,Kappa,5
2021-05-04,Lambda,3
2021-05-04,Mu,11
2021-05-04,Other variant,317
2021-05-04,Theta,1
2021-05-04,Zeta,26
2021-05-05,Alpha,1331
2021-05-05,Beta,19
2021-05-05,Delta,102
2021-05-05,Epsilon,16
2021-05-05,Eta,12
2021-05-05,Gamma,90
2021-05-05,Iota,4
2021-05-05,Iota (E484K),65
2021-05-05,Iota (S477N),61
2021-05-05,Kappa,3
2021-05-05,Lambda,5
2021-05-05,Mu,9
2021-05-05,Other variant,265
2021-05-05,Zeta,27
2021-05-06,Alpha,1332
2021-05-06,Beta,12
2021-05-06,Delta,122
2021-05-06,Epsilon,26
2021-05-06,Eta,8
2021-05-06,Gamma,76
2021-05-06,Iota (E484K),58
2021-05-06,Iota (S477N),64
2021-05-06,Kappa,4
2021-05-06,Lambda,4
2021-05-06,Mu,8
2021-05-06,Other variant,227
2021-05-06,Zeta,24
2021-05-07,Alpha,1349
2021-05-07,Beta,16
2021-05-07,Delta,99
2021-05-07,Epsilon,20
2021-05-07,Eta,9
2021-05-07,Gamma,65
2021-05-07,Iota (E484K),56
2021-05-07,Iota (S477N),59
2021-05-07,Kappa,4
2021-05-07,Lambda,1
2021-05-07,Mu,11
2021-05-07,Other variant,249
2021-05-07,Zeta,21
2021-05-08,Alpha,834
2021-05-08,Beta,10
2021-05-08,Delta,85
2021-05-08,Epsilon,4
2021-05-08,Eta,7
2021-05-08,Gamma,50
2021-05-08,Iota,3
2021-05-08,Iota (E484K),30
2021-05-08,Iota (S477N),35
2021-05-08,Kappa,5
2021-05-08,Lambda,1
2021-05-08,Mu,6
2021-05-08,Other variant,138
2021-05-08,Zeta,8
2021-05-09,Alpha,642
2021-05-09,Beta,5
2021-05-09,Delta,73
2021-05-09,Epsilon,8
2021-05-09,Eta,1
2021-05-09,Gamma,42
2021-05-09,Iota,2
2021-05-09,Iota (E484K),27
2021-05-09,Iota (S477N),33
2021-05-09,Kappa,5
2021-05-09,Lambda,4
2021-05-09,Mu,6
2021-05-09,Other variant,108
2021-05-09,Zeta,9
2021-05-10,Alpha,1478
2021-05-10,Beta,11
2021-05-10,Delta,154
2021-05-10,Epsilon,17
2021-05-10,Eta,10
2021-05-10,Gamma,73
2021-05-10,Iota,13
2021-05-10,Iota (E484K),58
2021-05-10,Iota (S477N),59
2021-05-10,Kappa,1
2021-05-10,Lambda,4
2021-05-10,Mu,5
2021-05-10,Other variant,276
2021-05-10,Theta,1
2021-05-10,Zeta,9
2021-05-11,Alpha,1394
2021-05-11,Beta,12
2021-05-11,Delta,190
2021-05-11,Epsilon,19
2021-05-11,Eta,6
2021-05-11,Gamma,100
2021-05-11,Iota,1
2021-05-11,Iota (E484K),61
2021-05-11,Iota (S477N),71
2021-05-11,Kappa,1
2021-05-11,Lambda,6
2021-05-11,Mu,11
2021-05-11,Other variant,247
2021-05-11,Zeta,17
2021-05-12,Alpha,1050
2021-05-12,Beta,8
2021-05-12,Delta,146
2021-05-12,Epsilon,21
2021-05-12,Eta,9
2021-05-12,Gamma,87
2021-05-12,Iota (E484K),56
2021-05-12,Iota (S477N),59
2021-05-12,Kappa,2
2021-05-12,Lambda,6
2021-05-12,Mu,10
2021-05-12,Other variant,197
2021-05-12,Zeta,14
2021-05-13,Alpha,1171
2021-05-13,Beta,11
2021-05-13,Delta,156
2021-05-13,Epsilon,20
2021-05-13,Eta,2
2021-05-13,Gamma,83
2021-05-13,Iota (E484K),44
2021-05-13,Iota (S477N),50
2021-05-13,Lambda,4
2021-05-13,Mu,11
2021-05-13,Other variant,189
2021-05-13,Zeta,15
2021-05-14,Alpha,858
2021-05-14,Beta,14
2021-05-14,Delta,138
2021-05-14,Epsilon,14
2021-05-14,Eta,6
2021-05-14,Gamma,76
2021-05-14,Iota,1
2021-05-14,Iota (E484K),29
2021-05-14,Iota (S477N),45
2021-05-14,Kappa,2
2021-05-14,Lambda,1
2021-05-14,Mu,11
2021-05-14,Other variant,194
2021-05-14,Zeta,10
2021-05-15,Alpha,654
2021-05-15,Beta,2
2021-05-15,Delta,120
2021-05-15,Epsilon,5
2021-05-15,Eta,2
2021-05-15,Gamma,58
2021-05-15,Iota,1
2021-05-15,Iota (E484K),27
2021-05-15,Iota (S477N),31
2021-05-15,Kappa,2
2021-05-15,Lambda,3
2021-05-15,Mu,7
2021-05-15,Other variant,132
2021-05-15,Zeta,6
2021-05-16,Alpha,716
2021-05-16,Beta,7
2021-05-16,Delta,135
2021-05-16,Epsilon,13
2021-05-16,Eta,3
2021-05-16,Gamma,53
2021-05-16,Iota (E484K),20
2021-05-16,Iota (S477N),39
2021-05-16,Kappa,1
2021-05-16,Lambda,4
2021-05-16,Mu,3
2021-05-16,Other variant,106
2021-05-16,Zeta,7
2021-05-17,Alpha,1467
2021-05-17,Beta,17
2021-05-17,Delta,313
2021-05-17,Epsilon,5
2021-05-17,Eta,6
2021-05-17,Gamma,124
2021-05-17,Iota,4
2021-05-17,Iota (E484K),57
2021-05-17,Iota (S477N),60
2021-05-17,Kappa,8
2021-05-17,Lambda,4
2021-05-17,Mu,8
2021-05-17,Other variant,215
2021-05-17,Zeta,12
2021-05-18,Alpha,1319
2021-05-18,Beta,18
2021-05-18,Delta,321
2021-05-18,Epsilon,7
2021-05-18,Eta,9
2021-05-18,Gamma,93
2021-05-18,Iota (E484K),35
2021-05-18,Iota (S477N),52
2021-05-18,Kappa,4
2021-05-18,Lambda,5
2021-05-18,Mu,20
2021-05-18,Other variant,207
2021-05-18,Zeta,28
2021-05-19,Alpha,1203
2021-05-19,Beta,22
2021-05-19,Delta,403
2021-05-19,Epsilon,6
2021-05-19,Eta,3
2021-05-19,Gamma,68
2021-05-19,Iota,1
2021-05-19,Iota (E484K),33
2021-05-19,Iota (S477N),37
2021-05-19,Kappa,5
2021-05-19,Lambda,12
2021-05-19,Mu,18
2021-05-19,Other variant,144
2021-05-19,Zeta,20
2021-05-20,Alpha,1044
2021-05-20,Beta,19
2021-05-20,Delta,321
2021-05-20,Eta,6
2021-05-20,Gamma,54
2021-05-20,Iota,2
2021-05-20,Iota (E484K),30
2021-05-20,Iota (S477N),22
2021-05-20,Kappa,10
2021-05-20,Lambda,4
2021-05-20,Mu,11
2021-05-20,Other variant,107
2021-05-20,Zeta,17
2021-05-21,Alpha,891
2021-05-21,Beta,7
2021-05-21,Delta,237
2021-05-21,Epsilon,2
2021-05-21,Eta,3
2021-05-21,Gamma,56
2021-05-21,Iota,1
2021-05-21,Iota (E484K),23
2021-05-21,Iota (S477N),12
2021-05-21,Kappa,16
2021-05-21,Lambda,7
2021-05-21,Mu,14
2021-05-21,Other variant,141
2021-05-21,Zeta,13
2021-05-22,Alpha,582
2021-05-22,Beta,3
2021-05-22,Delta,256
2021-05-22,Epsilon,2
2021-05-22,Eta,3
2021-05-22,Gamma,34
2021-05-22,Iota (E484K),9
2021-05-22,Iota (S477N),10
2021-05-22,Kappa,3
2021-05-22,Lambda,5
2021-05-22,Mu,7
2021-05-22,Other variant,86
2021-05-22,Zeta,6
2021-05-23,Alpha,403
2021-05-23,Beta,8
2021-05-23,Delta,206
2021-05-23,Epsilon,1
2021-05-23,Eta,1
2021-05-23,Gamma,18
2021-05-23,Iota,2
2021-05-23,Iota (E484K),7
2021-05-23,Iota (S477N),8
2021-05-23,Kappa,2
2021-05-23,Mu,5
2021-05-23,Other variant,42
2021-05-23,Zeta,4
2021-05-24,Alpha,798
2021-05-24,Beta,23
2021-05-24,Delta,429
2021-05-24,Epsilon,3
2021-05-24,Eta,2
2021-05-24,Gamma,61
2021-05-24,Iota (E484K),19
2021-05-24,Iota (S477N),25
2021-05-24,Kappa,1
2021-05-24,Lambda,6
2021-05-24,Mu,9
2021-05-24,Other variant,159
2021-05-24,Zeta,13
2021-05-25,Alpha,833
2021-05-25,Beta,16
2021-05-25,Delta,488
2021-05-25,Epsilon,3
2021-05-25,Eta,1
2021-05-25,Gamma,39
2021-05-25,Iota,1
2021-05-25,Iota (E484K),14
2021-05-25,Iota (S477N),33
2021-05-25,Kappa,6
2021-05-25,Lambda,3
2021-05-25,Mu,10
2021-05-25,Other variant,117
2021-05-25,Theta,1
2021-05-25,Zeta,19
2021-05-26,Alpha,813
2021-05-26,Beta,4
2021-05-26,Delta,425
2021-05-26,Epsilon,4
2021-05-26,Eta,3
2021-05-26,Gamma,59
2021-05-26,Iota (E484K),15
2021-05-26,Iota (S477N),12
2021-05-26,Kappa,2
2021-05-26,Lambda,3
2021-05-26,Mu,13
2021-05-26,Other variant,99
2021-05-26,Zeta,12
2021-05-27,Alpha,689
2021-05-27,Beta,8
2021-05-27,Delta,300
2021-05-27,Epsilon,3
2021-05-27,Eta,2
2021-05-27,Gamma,46
2021-05-27,Iota,1
2021-05-27,Iota (E484K),24
2021-05-27,Iota (S477N),12
2021-05-27,Kappa,5
2021-05-27,Lambda,4
2021-05-27,Mu,21
2021-05-27,Other variant,72
2021-05-27,Zeta,14
2021-05-28,Alpha,462
2021-05-28,Beta,13
2021-05-28,Delta,290
2021-05-28,Epsilon,4
2021-05-28,Eta,1
2021-05-28,Gamma,50
2021-05-28,Iota,1
2021-05-28,Iota (E484K),18
2021-05-28,Iota (S477N),22
2021-05-28,Kappa,8
2021-05-28,Lambda,4
2021-05-28,Mu,16
2021-05-28,Other variant,99
2021-05-28,Zeta,16
2021-05-29,Alpha,375
2021-05-29,Beta,8
2021-05-29,Delta,341
2021-05-29,Epsilon,1
2021-05-29,Eta,4
2021-05-29,Gamma,24
2021-05-29,Iota (E484K),10
2021-05-29,Iota (S477N),1
2021-05-29,Kappa,2
2021-05-29,Lambda,4
2021-05-29,Mu,6
2021-05-29,Other variant,94
2021-05-29,Zeta,9
2021-05-30,Alpha,308
2021-05-30,Beta,2
2021-05-30,Delta,342
2021-05-30,Gamma,18
2021-05-30,Iota (E484K),3
2021-05-30,Iota (S477N),8
2021-05-30,Kappa,2
2021-05-30,Lambda,1
2021-05-30,Mu,10
2021-05-30,Other variant,81
2021-05-30,Zeta,4
2021-05-31,Alpha,290
2021-05-31,Beta,15
2021-05-31,Delta,232
2021-05-31,Gamma,11
2021-05-31,Iota (E484K),2
2021-05-31,Iota (S477N),1
2021-05-31,Kappa,1
2021-05-31,Lambda,1
2021-05-31,Mu,20
2021-05-31,Other variant,79
2021-05-31,Zeta,4
2021-06-01,Alpha,550
2021-06-01,Beta,12
2021-06-01,Delta,285
2021-06-01,Eta,6
2021-06-01,Gamma,57
2021-06-01,Iota,1
2021-06-01,Iota (E484K),12
2021-06-01,Iota (S477N),22
2021-06-01,Lambda,3
2021-06-01,Mu,18
2021-06-01,Other variant,140
2021-06-01,Zeta,14
2021-06-02,Alpha,456
2021-06-02,Beta,10
2021-06-02,Delta,288
2021-06-02,Epsilon,1
2021-06-02,Eta,1
2021-06-02,Gamma,63
2021-06-02,Iota (E484K),17
2021-06-02,Iota (S477N),23
2021-06-02,Lambda,4
2021-06-02,Mu,17
2021-06-02,Other variant,108
2021-06-02,Zeta,10
2021-06-03,Alpha,419
2021-06-03,Beta,8
2021-06-03,Delta,259
2021-06-03,Epsilon,2
2021-06-03,Eta,1
2021-06-03,Gamma,57
2021-06-03,Iota (E484K),17
2021-06-03,Iota (S477N),16
2021-06-03,Kappa,1
2021-06-03,Lambda,1
2021-06-03,Mu,14
2021-06-03,Other variant,130
2021-06-03,Zeta,17
2021-06-04,Alpha,417
2021-06-04,Beta,5
2021-06-04,Delta,421
2021-06-04,Gamma,50
2021-06-04,Iota (E484K),10
2021-06-04,Iota (S477N),11
2021-06-04,Lambda,2
2021-06-04,Mu,10
2021-06-04,Other variant,174
2021-06-04,Zeta,9
2021-06-05,Alpha,292
2021-06-05,Beta,3
2021-06-05,Delta,312
2021-06-05,Epsilon,1
2021-06-05,Eta,2
2021-06-05,Gamma,27
2021-06-05,Iota,1
2021-06-05,Iota (E484K),10
2021-06-05,Iota (S477N),4
2021-06-05,Kappa,1
2021-06-05,Lambda,12
2021-06-05,Mu,17
2021-06-05,Other variant,65
2021-06-05,Zeta,4
2021-06-06,Alpha,242
2021-06-06,Beta,4
2021-06-06,Delta,334
2021-06-06,Epsilon,2
2021-06-06,Eta,2
2021-06-06,Gamma,35
2021-06-06,Iota (E484K),4
2021-06-06,Iota (S477N),4
2021-06-06,Kappa,1
2021-06-06,Lambda,2
2021-06-06,Mu,24
2021-06-06,Other variant,71
2021-06-06,Zeta,4
2021-06-07,Alpha,494
2021-06-07,Beta,14
2021-06-07,Delta,831
2021-06-07,Epsilon,1
2021-06-07,Eta,1
2021-06-07,Gamma,45
2021-06-07,Iota,2
2021-06-07,Iota (E484K),7
2021-06-07,Iota (S477N),13
2021-06-07,Lambda,4
2021-06-07,Mu,23
2021-06-07,Other variant,280
2021-06-07,Zeta,13
2021-06-08,Alpha,478
2021-06-08,Beta,8
2021-06-08,Delta,1123
2021-06-08,Epsilon,1
2021-06-08,Gamma,41
2021-06-08,Iota,1
2021-06-08,Iota (E484K),10
2021-06-08,Iota (S477N),13
2021-06-08,Kappa,3
2021-06-08,Lambda,22
2021-06-08,Mu,13
2021-06-08,Other variant,175
2021-06-08,Zeta,8
2021-06-09,Alpha,442
2021-06-09,Beta,14
2021-06-09,Delta,929
2021-06-09,Epsilon,2
2021-06-09,Gamma,58
2021-06-09,Iota,1
2021-06-09,Iota (E484K),15
2021-06-09,Iota (S477N),12
2021-06-09,Lambda,4
2021-06-09,Mu,32
2021-06-09,Other variant,374
2021-06-09,Zeta,12
2021-06-10,Alpha,489
2021-06-10,Beta,6
2021-06-10,Delta,818
2021-06-10,Eta,1
2021-06-10,Gamma,39
2021-06-10,Iota (E484K),15
2021-06-10,Iota (S477N),13
2021-06-10,Kappa,1
2021-06-10,Lambda,3
2021-06-10,Mu,21
2021-06-10,Other variant,134
2021-06-10,Zeta,13
2021-06-11,Alpha,404
2021-06-11,Beta,4
2021-06-11,Delta,743
2021-06-11,Eta,2
2021-06-11,Gamma,61
2021-06-11,Iota (E484K),16
2021-06-11,Iota (S477N),16
2021-06-11,Lambda,1
2021-06-11,Mu,15
2021-06-11,Other variant,202
2021-06-11,Zeta,16
2021-06-12,Alpha,233
2021-06-12,Delta,507
2021-06-12,Epsilon,2
2021-06-12,Gamma,25
2021-06-12,Iota (E484K),3
2021-06-12,Iota (S477N),9
2021-06-12,Lambda,2
2021-06-12,Mu,12
2021-06-12,Other variant,108
2021-06-12,Zeta,4
2021-06-13,Alpha,231
2021-06-13,Beta,3
2021-06-13,Delta,403
2021-06-13,Epsilon,1
2021-06-13,Gamma,24
2021-06-13,Iota,1
2021-06-13,Iota (E484K),4
2021-06-13,Iota (S477N),9
2021-06-13,Kappa,1
2021-06-13,Lambda,1
2021-06-13,Mu,11
2021-06-13,Other variant,81
2021-06-13,Zeta,9
2021-06-14,Alpha,413
2021-06-14,Beta,8
2021-06-14,Delta,738
2021-06-14,Gamma,68
2021-06-14,Iota (E484K),7
2021-06-14,Iota (S477N),11
2021-06-14,Kappa,2
2021-06-14,Lambda,3
2021-06-14,Mu,17
2021-06-14,Other variant,137
2021-06-14,Zeta,14
2021-06-15,Alpha,350
2021-06-15,Beta,9
2021-06-15,Delta,752
2021-06-15,Epsilon,2
2021-06-15,Gamma,25
2021-06-15,Iota,1
2021-06-15,Iota (E484K),5
2021-06-15,Iota (S477N),11
2021-06-15,Kappa,1
2021-06-15,Lambda,1
2021-06-15,Mu,19
2021-06-15,Other variant,110
2021-06-15,Zeta,38
2021-06-16,Alpha,392
2021-06-16,Beta,8
2021-06-16,Delta,432
2021-06-16,Eta,1
2021-06-16,Gamma,28
2021-06-16,Iota (E484K),9
2021-06-16,Iota (S477N),8
2021-06-16,Kappa,2
2021-06-16,Lambda,2
2021-06-16,Mu,20
2021-06-16,Other variant,73
2021-06-16,Zeta,23
2021-06-17,Alpha,370
2021-06-17,Beta,10
2021-06-17,Delta,446
2021-06-17,Epsilon,2
2021-06-17,Eta,3
2021-06-17,Gamma,41
2021-06-17,Iota (E484K),6
2021-06-17,Iota (S477N),7
2021-06-17,Kappa,3
2021-06-17,Lambda,1
2021-06-17,Mu,17
2021-06-17,Other variant,96
2021-06-17,Zeta,24
2021-06-18,Alpha,274
2021-06-18,Beta,6
2021-06-18,Delta,530
2021-06-18,Eta,1
2021-06-18,Gamma,36
2021-06-18,Iota (E484K),5
2021-06-18,Iota (S477N),3
2021-06-18,Kappa,2
2021-06-18,Lambda,4
2021-06-18,Mu,17
2021-06-18,Other variant,91
2021-06-18,Zeta,14
2021-06-19,Alpha,225
2021-06-19,Delta,387
2021-06-19,Epsilon,2
2021-06-19,Gamma,23
2021-06-19,Iota (E484K),3
2021-06-19,Iota (S477N),4
2021-06-19,Kappa,1
2021-06-19,Lambda,3
2021-06-19,Mu,16
2021-06-19,Other variant,84
2021-06-19,Zeta,6
2021-06-20,Alpha,197
2021-06-20,Delta,688
2021-06-20,Epsilon,1
2021-06-20,Gamma,20
2021-06-20,Iota (E484K),3
2021-06-20,Iota (S477N),2
2021-06-20,Mu,11
2021-06-20,Other variant,87
2021-06-20,Zeta,13
2021-06-21,Alpha,359
2021-06-21,Delta,1128
2021-06-21,Epsilon,1
2021-06-21,Eta,2
2021-06-21,Gamma,59
2021-06-21,Iota (E484K),5
2021-06-21,Iota (S477N),10
2021-06-21,Kappa,1
2021-06-21,Lambda,4
2021-06-21,Mu,36
2021-06-21,Other variant,147
2021-06-21,Zeta,27
2021-06-22,Alpha,339
2021-06-22,Beta,5
2021-06-22,Delta,932
2021-06-22,Epsilon,1
2021-06-22,Gamma,52
2021-06-22,Iota (E484K),12
2021-06-22,Iota (S477N),3
2021-06-22,Lambda,2
2021-06-22,Mu,31
2021-06-22,Other variant,122
2021-06-22,Zeta,16
2021-06-23,Alpha,349
2021-06-23,Beta,7
2021-06-23,Delta,1125
2021-06-23,Epsilon,1
2021-06-23,Gamma,53
2021-06-23,Iota (E484K),7
2021-06-23,Iota (S477N),13
2021-06-23,Kappa,5
2021-06-23,Lambda,5
2021-06-23,Mu,36
2021-06-23,Other variant,181
2021-06-23,Zeta,20
2021-06-24,Alpha,287
2021-06-24,Beta,4
2021-06-24,Delta,1052
2021-06-24,Epsilon,1
2021-06-24,Gamma,42
2021-06-24,Iota (E484K),3
2021-06-24,Iota (S477N),9
2021-06-24,Lambda,4
2021-06-24,Mu,25
2021-06-24,Other variant,133
2021-06-24,Zeta,12
2021-06-25,Alpha,198
2021-06-25,Beta,4
2021-06-25,Delta,983
2021-06-25,Epsilon,1
2021-06-25,Eta,2
2021-06-25,Gamma,27
2021-06-25,Iota,1
2021-06-25,Iota (E484K),7
2021-06-25,Iota (S477N),3
2021-06-25,Lambda,1
2021-06-25,Mu,21
2021-06-25,Other variant,123
2021-06-25,Zeta,22
2021-06-26,Alpha,161
2021-06-26,Beta,2
2021-06-26,Delta,963
2021-06-26,Epsilon,1
2021-06-26,Eta,1
2021-06-26,Gamma,18
2021-06-26,Iota (E484K),4
2021-06-26,Iota (S477N),4
2021-06-26,Mu,13
2021-06-26,Other variant,90
2021-06-26,Zeta,14
2021-06-27,Alpha,157
2021-06-27,Beta,1
2021-06-27,Delta,951
2021-06-27,Gamma,26
2021-06-27,Iota (E484K),3
2021-06-27,Lambda,2
2021-06-27,Mu,7
2021-06-27,Other variant,80
2021-06-27,Zeta,6
2021-06-28,Alpha,247
2021-06-28,Beta,6
2021-06-28,Delta,2325
2021-06-28,Epsilon,1
2021-06-28,Gamma,34
2021-06-28,Iota,2
2021-06-28,Iota (E484K),6
2021-06-28,Iota (S477N),7
2021-06-28,Lambda,3
2021-06-28,Mu,22
2021-06-28,Other variant,213
2021-06-28,Zeta,23
2021-06-29,Alpha,229
2021-06-29,Beta,6
2021-06-29,Delta,2873
2021-06-29,Gamma,45
2021-06-29,Iota (E484K),5
2021-06-29,Iota (S477N),11
2021-06-29,Kappa,1
2021-06-29,Lambda,4
2021-06-29,Mu,15
2021-06-29,Omicron,1
2021-06-29,Other variant,170
2021-06-29,Zeta,26
2021-06-30,Alpha,173
2021-06-30,Beta,6
2021-06-30,Delta,2263
2021-06-30,Epsilon,3
2021-06-30,Gamma,30
2021-06-30,Iota (E484K),4
2021-06-30,Iota (S477N),3
2021-06-30,Kappa,2
2021-06-30,Lambda,2
2021-06-30,Mu,21
2021-06-30,Other variant,174
2021-06-30,Zeta,25
2021-07-01,Alpha,217
2021-07-01,Beta,12
2021-07-01,Delta,2478
2021-07-01,Gamma,29
2021-07-01,Iota (E484K),5
2021-07-01,Iota (S477N),3
2021-07-01,Kappa,1
2021-07-01,Lambda,2
2021-07-01,Mu,30
2021-07-01,Other variant,222
2021-07-01,Zeta,15
2021-07-02,Alpha,186
2021-07-02,Beta,8
2021-07-02,Delta,2034
2021-07-02,Epsilon,1
2021-07-02,Gamma,32
2021-07-02,Iota (E484K),4
2021-07-02,Iota (S477N),10
2021-07-02,Lambda,1
2021-07-02,Mu,26
2021-07-02,Other variant,169
2021-07-02,Zeta,8
2021-07-03,Alpha,92
2021-07-03,Beta,7
2021-07-03,Delta,1753
2021-07-03,Epsilon,1
2021-07-03,Gamma,17
2021-07-03,Iota (E484K),2
2021-07-03,Iota (S477N),2
2021-07-03,Mu,21
2021-07-03,Omicron,3
2021-07-03,Other variant,145
2021-07-03,Zeta,11
2021-07-04,Alpha,52
2021-07-04,Beta,5
2021-07-04,Delta,1915
2021-07-04,Gamma,5
2021-07-04,Kappa,1
2021-07-04,Lambda,1
2021-07-04,Mu,8
2021-07-04,Omicron,7
2021-07-04,Other variant,103
2021-07-04,Zeta,5
2021-07-05,Alpha,176
2021-07-05,Beta,6
2021-07-05,Delta,3362
2021-07-05,Gamma,21
2021-07-05,Iota (S477N),4
2021-07-05,Lambda,8
2021-07-05,Mu,33
2021-07-05,Omicron,2
2021-07-05,Other variant,193
2021-07-05,Zeta,8
2021-07-06,Alpha,201
2021-07-06,Beta,16
2021-07-06,Delta,3145
2021-07-06,Eta,1
2021-07-06,Gamma,43
2021-07-06,Iota (E484K),1
2021-07-06,Iota (S477N),2
2021-07-06,Lambda,6
2021-07-06,Mu,23
2021-07-06,Omicron,6
2021-07-06,Other variant,300
2021-07-06,Zeta,24
2021-07-07,Alpha,179
2021-07-07,Beta,12
2021-07-07,Delta,3308
2021-07-07,Eta,1
2021-07-07,Gamma,34
2021-07-07,Iota (E484K),5
2021-07-07,Lambda,4
2021-07-07,Mu,34
2021-07-07,Omicron,2
2021-07-07,Other variant,225
2021-07-07,Zeta,18
2021-07-08,Alpha,210
2021-07-08,Beta,11
2021-07-08,Delta,2584
2021-07-08,Gamma,39
2021-07-08,Iota (E484K),6
2021-07-08,Iota (S477N),6
2021-07-08,Kappa,1
2021-07-08,Lambda,2
2021-07-08,Mu,29
2021-07-08,Other variant,218
2021-07-08,Zeta,14
2021-07-09,Alpha,144
2021-07-09,Beta,5
2021-07-09,Delta,2874
2021-07-09,Gamma,30
2021-07-09,Iota (E484K),5
2021-07-09,Iota (S477N),1
2021-07-09,Lambda,8
2021-07-09,Mu,16
2021-07-09,Omicron,21
2021-07-09,Other variant,266
2021-07-09,Zeta,15
2021-07-10,Alpha,109
2021-07-10,Delta,2526
2021-07-10,Gamma,25
2021-07-10,Iota (E484K),5
2021-07-10,Iota (S477N),1
2021-07-10,Mu,20
2021-07-10,Omicron,2
2021-07-10,Other variant,201
2021-07-10,Zeta,19
2021-07-11,Alpha,106
2021-07-11,Beta,4
2021-07-11,Delta,2334
2021-07-11,Gamma,27
2021-07-11,Iota (E484K),2
2021-07-11,Lambda,5
2021-07-11,Mu,14
2021-07-11,Other variant,243
2021-07-11,Zeta,13
2021-07-12,Alpha,202
2021-07-12,Beta,6
2021-07-12,Delta,3672
2021-07-12,Gamma,40
2021-07-12,Iota (E484K),4
2021-07-12,Iota (S477N),5
2021-07-12,Lambda,11
2021-07-12,Mu,35
2021-07-12,Other variant,301
2021-07-12,Zeta,21
2021-07-13,Alpha,129
2021-07-13,Beta,26
2021-07-13,Delta,3048
2021-07-13,Gamma,22
2021-07-13,Iota (E484K),1
2021-07-13,Iota (S477N),2
2021-07-13,Lambda,4
2021-07-13,Mu,34
2021-07-13,Omicron,1
2021-07-13,Other variant,257
2021-07-13,Zeta,16
2021-07-14,Alpha,111
2021-07-14,Beta,21
2021-07-14,Delta,2849
2021-07-14,Gamma,34
2021-07-14,Iota (E484K),2
2021-07-14,Iota (S477N),2
2021-07-14,Lambda,1
2021-07-14,Mu,29
2021-07-14,Omicron,4
2021-07-14,Other variant,248
2021-07-14,Zeta,12
2021-07-15,Alpha,101
2021-07-15,Beta,10
2021-07-15,Delta,2861
2021-07-15,Gamma,29
2021-07-15,Iota (S477N),3
2021-07-15,Kappa,1
2021-07-15,Lambda,6
2021-07-15,Mu,52
2021-07-15,Omicron,2
2021-07-15,Other variant,243
2021-07-15,Zeta,9
2021-07-16,Alpha,81
2021-07-16,Beta,5
2021-07-16,Delta,3218
2021-07-16,Gamma,33
2021-07-16,Iota (E484K),2
2021-07-16,Iota (S477N),3
2021-07-16,Lambda,9
2021-07-16,Mu,45
2021-07-16,Omicron,2
2021-07-16,Other variant,239
2021-07-16,Zeta,12
2021-07-17,Alpha,78
2021-07-17,Delta,3001
2021-07-17,Eta,1
2021-07-17,Gamma,23
2021-07-17,Iota (E484K),2
2021-07-17,Iota (S477N),2
2021-07-17,Lambda,4
2021-07-17,Mu,33
2021-07-17,Omicron,7
2021-07-17,Other variant,201
2021-07-17,Zeta,7
2021-07-18,Alpha,43
2021-07-18,Delta,2562
2021-07-18,Gamma,12
2021-07-18,Lambda,3
2021-07-18,Mu,21
2021-07-18,Omicron,1
2021-07-18,Other variant,199
2021-07-18,Zeta,11
2021-07-19,Alpha,82
2021-07-19,Beta,3
2021-07-19,Delta,4421
2021-07-19,Gamma,29
2021-07-19,Iota (E484K),1
2021-07-19,Iota (S477N),2
2021-07-19,Lambda,1
2021-07-19,Mu,33
2021-07-19,Omicron,2
2021-07-19,Other variant,317
2021-07-19,Zeta,11
2021-07-20,Alpha,93
2021-07-20,Beta,3
2021-07-20,Delta,4257
2021-07-20,Gamma,26
2021-07-20,Iota (E484K),5
2021-07-20,Lambda,2
2021-07-20,Mu,42
2021-07-20,Other variant,291
2021-07-20,Zeta,14
2021-07-21,Alpha,87
2021-07-21,Delta,4150
2021-07-21,Gamma,34
2021-07-21,Lambda,7
2021-07-21,Mu,26
2021-07-21,Omicron,1
2021-07-21,Other variant,353
2021-07-21,Zeta,9
2021-07-22,Alpha,48
2021-07-22,Beta,3
2021-07-22,Delta,3401
2021-07-22,Gamma,19
2021-07-22,Iota,1
2021-07-22,Iota (E484K),3
2021-07-22,Lambda,1
2021-07-22,Mu,36
2021-07-22,Other variant,190
2021-07-22,Zeta,4
2021-07-23,Alpha,77
2021-07-23,Beta,4
2021-07-23,Delta,3495
2021-07-23,Gamma,14
2021-07-23,Iota (E484K),2
2021-07-23,Lambda,1
2021-07-23,Mu,21
2021-07-23,Other variant,209
2021-07-23,Zeta,6
2021-07-24,Alpha,43
2021-07-24,Delta,3238
2021-07-24,Gamma,15
2021-07-24,Iota (E484K),2
2021-07-24,Iota (S477N),1
2021-07-24,Lambda,4
2021-07-24,Mu,14
2021-07-24,Other variant,207
2021-07-24,Zeta,11
2021-07-25,Alpha,58
2021-07-25,Delta,3599
2021-07-25,Gamma,19
2021-07-25,Lambda,2
2021-07-25,Mu,12
2021-07-25,Other variant,274
2021-07-25,Zeta,3
2021-07-26,Alpha,55
2021-07-26,Beta,1
2021-07-26,Delta,4829
2021-07-26,Eta,1
2021-07-26,Gamma,23
2021-07-26,Iota (E484K),1
2021-07-26,Iota (S477N),2
2021-07-26,Lambda,2
2021-07-26,Mu,25
2021-07-26,Other variant,338
2021-07-26,Zeta,2
2021-07-27,Alpha,68
2021-07-27,Beta,3
2021-07-27,Delta,4752
2021-07-27,Gamma,33
2021-07-27,Iota (S477N),1
2021-07-27,Lambda,6
2021-07-27,Mu,34
2021-07-27,Other variant,340
2021-07-27,Zeta,3
2021-07-28,Alpha,102
2021-07-28,Beta,14
2021-07-28,Delta,5331
2021-07-28,Gamma,38
2021-07-28,Iota (E484K),1
2021-07-28,Iota (S477N),1
2021-07-28,Lambda,5
2021-07-28,Mu,23
2021-07-28,Other variant,306
2021-07-28,Theta,1
2021-07-28,Zeta,12
2021-07-29,Alpha,89
2021-07-29,Beta,6
2021-07-29,Delta,6302
2021-07-29,Gamma,25
2021-07-29,Iota (S477N),1
2021-07-29,Lambda,1
2021-07-29,Mu,32
2021-07-29,Other variant,306
2021-07-29,Zeta,12
2021-07-30,Alpha,61
2021-07-30,Beta,4
2021-07-30,Delta,6055
2021-07-30,Gamma,24
2021-07-30,Lambda,7
2021-07-30,Mu,27
2021-07-30,Other variant,307
2021-07-30,Zeta,17
2021-07-31,Alpha,45
2021-07-31,Beta,3
2021-07-31,Delta,5197
2021-07-31,Gamma,20
2021-07-31,Lambda,2
2021-07-31,Mu,30
2021-07-31,Other variant,192
2021-07-31,Zeta,10
2021-08-01,Alpha,36
2021-08-01,Beta,6
2021-08-01,Delta,3825
2021-08-01,Gamma,10
2021-08-01,Iota (E484K),1
2021-08-01,Lambda,1
2021-08-01,Mu,10
2021-08-01,Other variant,169
2021-08-01,Zeta,4
2021-08-02,Alpha,48
2021-08-02,Beta,1
2021-08-02,Delta,7037
2021-08-02,Gamma,38
2021-08-02,Lambda,4
2021-08-02,Mu,36
2021-08-02,Other variant,317
2021-08-02,Zeta,5
2021-08-03,Alpha,88
2021-08-03,Beta,5
2021-08-03,Delta,7256
2021-08-03,Gamma,26
2021-08-03,Iota (E484K),1
2021-08-03,Iota (S477N),1
2021-08-03,Lambda,5
2021-08-03,Mu,24
2021-08-03,Other variant,319
2021-08-03,Zeta,8
2021-08-04,Alpha,33
2021-08-04,Beta,2
2021-08-04,Delta,6155
2021-08-04,Gamma,13
2021-08-04,Iota (E484K),2
2021-08-04,Iota (S477N),1
2021-08-04,Lambda,3
2021-08-04,Mu,18
2021-08-04,Other variant,290
2021-08-04,Zeta,14
2021-08-05,Alpha,21
2021-08-05,Delta,6209
2021-08-05,Gamma,26
2021-08-05,Iota (E484K),1
2021-08-05,Lambda,6
2021-08-05,Mu,18
2021-08-05,Other variant,233
2021-08-05,Zeta,16
2021-08-06,Alpha,15
2021-08-06,Delta,5853
2021-08-06,Gamma,26
2021-08-06,Lambda,4
2021-08-06,Mu,12
2021-08-06,Omicron,4
2021-08-06,Other variant,316
2021-08-06,Zeta,11
2021-08-07,Alpha,12
2021-08-07,Delta,4394
2021-08-07,Gamma,20
2021-08-07,Lambda,4
2021-08-07,Mu,7
2021-08-07,Other variant,270
2021-08-07,Zeta,10
2021-08-08,Alpha,9
2021-08-08,Delta,2896
2021-08-08,Gamma,8
2021-08-08,Iota (S477N),1
2021-08-08,Mu,7
2021-08-08,Other variant,175
2021-08-08,Zeta,2
2021-08-09,Alpha,18
2021-08-09,Delta,6621
2021-08-09,Gamma,10
2021-08-09,Iota (E484K),1
2021-08-09,Lambda,4
2021-08-09,Mu,13
2021-08-09,Omicron,1
2021-08-09,Other variant,330
2021-08-09,Zeta,8
2021-08-10,Alpha,11
2021-08-10,Beta,1
2021-08-10,Delta,6236
2021-08-10,Gamma,5
2021-08-10,Lambda,3
2021-08-10,Mu,11
2021-08-10,Other variant,356
2021-08-10,Zeta,10
2021-08-11,Alpha,14
2021-08-11,Delta,4285
2021-08-11,Gamma,5
2021-08-11,Mu,9
2021-08-11,Other variant,474
2021-08-11,Zeta,3
2021-08-12,Alpha,9
2021-08-12,Delta,3913
2021-08-12,Gamma,4
2021-08-12,Lambda,1
2021-08-12,Mu,8
2021-08-12,Omicron,2
2021-08-12,Other variant,494
2021-08-12,Zeta,2
2021-08-13,Alpha,10
2021-08-13,Delta,3327
2021-08-13,Gamma,4
2021-08-13,Mu,7
2021-08-13,Other variant,640
2021-08-14,Alpha,3
2021-08-14,Beta,1
2021-08-14,Delta,2863
2021-08-14,Gamma,1
2021-08-14,Iota (E484K),1
2021-08-14,Mu,5
2021-08-14,Other variant,379
2021-08-15,Alpha,1
2021-08-15,Delta,2101
2021-08-15,Gamma,1
2021-08-15,Mu,3
2021-08-15,Other variant,257
2021-08-16,Alpha,8
2021-08-16,Delta,4637
2021-08-16,Gamma,8
2021-08-16,Iota (S477N),1
2021-08-16,Lambda,1
2021-08-16,Mu,2
2021-08-16,Other variant,843
2021-08-17,Alpha,8
2021-08-17,Delta,3814
2021-08-17,Gamma,6
2021-08-17,Mu,4
2021-08-17,Other variant,819
2021-08-18,Alpha,5
2021-08-18,Delta,2828
2021-08-18,Gamma,2
2021-08-18,Mu,4
2021-08-18,Other variant,389
2021-08-19,Alpha,1
2021-08-19,Beta,1
2021-08-19,Delta,2437
2021-08-19,Gamma,2
2021-08-19,Lambda,1
2021-08-19,Mu,5
2021-08-19,Other variant,603
2021-08-20,Alpha,6
2021-08-20,Delta,3568
2021-08-20,Gamma,9
2021-08-20,Mu,6
2021-08-20,Other variant,630
2021-08-20,Zeta,1
2021-08-21,Alpha,1
2021-08-21,Delta,2525
2021-08-21,Epsilon,61
2021-08-21,Gamma,2
2021-08-21,Mu,1
2021-08-21,Other variant,519
2021-08-21,Zeta,1
2021-08-22,Alpha,1
2021-08-22,Delta,2350
2021-08-22,Gamma,1
2021-08-22,Other variant,174
2021-08-23,Alpha,5
2021-08-23,Delta,4352
2021-08-23,Mu,1
2021-08-23,Other variant,217
2021-08-23,Zeta,1
2021-08-24,Alpha,2
2021-08-24,Beta,1
2021-08-24,Delta,5026
2021-08-24,Gamma,3
2021-08-24,Mu,4
2021-08-24,Other variant,217
2021-08-25,Alpha,1
2021-08-25,Delta,4148
2021-08-25,Gamma,6
2021-08-25,Lambda,1
2021-08-25,Mu,8
2021-08-25,Other variant,299
2021-08-26,Alpha,2
2021-08-26,Delta,5044
2021-08-26,Gamma,7
2021-08-26,Mu,3
2021-08-26,Other variant,388
2021-08-26,Zeta,1
2021-08-27,Alpha,3
2021-08-27,Delta,4649
2021-08-27,Gamma,2
2021-08-27,Mu,5
2021-08-27,Other variant,556
2021-08-27,Zeta,3
2021-08-28,Delta,2883
2021-08-28,Gamma,1
2021-08-28,Mu,2
2021-08-28,Other variant,388
2021-08-29,Alpha,2
2021-08-29,Delta,2395
2021-08-29,Other variant,251
2021-08-30,Alpha,4
2021-08-30,Beta,1
2021-08-30,Delta,5901
2021-08-30,Gamma,4
2021-08-30,Mu,1
2021-08-30,Other variant,774
2021-08-31,Alpha,6
2021-08-31,Delta,7114
2021-08-31,Gamma,1
2021-08-31,Mu,2
2021-08-31,Other variant,877
2021-08-31,Zeta,1
2021-09-01,Alpha,4
2021-09-01,Delta,5567
2021-09-01,Gamma,5
2021-09-01,Mu,3
2021-09-01,Omicron,1
2021-09-01,Other variant,584
2021-09-02,Alpha,4
2021-09-02,Delta,5518
2021-09-02,Gamma,2
2021-09-02,Iota (S477N),1
2021-09-02,Lambda,1
2021-09-02,Mu,7
2021-09-02,Omicron,1
2021-09-02,Other variant,403
2021-09-03,Alpha,2
2021-09-03,Delta,4518
2021-09-03,Gamma,1
2021-09-03,Lambda,2
2021-09-03,Mu,2
2021-09-03,Other variant,408
2021-09-03,Zeta,1
2021-09-04,Alpha,2
2021-09-04,Delta,3310
2021-09-04,Gamma,2
2021-09-04,Mu,2
2021-09-04,Other variant,478
2021-09-04,Zeta,1
2021-09-05,Delta,3542
2021-09-05,Gamma,1
2021-09-05,Mu,1
2021-09-05,Other variant,279
2021-09-06,Alpha,3
2021-09-06,Delta,3024
2021-09-06,Gamma,1
2021-09-06,Other variant,648
2021-09-07,Alpha,2
2021-09-07,Delta,7555
2021-09-07,Gamma,1
2021-09-07,Mu,4
2021-09-07,Other variant,1079
2021-09-08,Alpha,1
2021-09-08,Delta,6848
2021-09-08,Gamma,3
2021-09-08,Mu,1
2021-09-08,Other variant,715
2021-09-08,Zeta,2
2021-09-09,Alpha,2
2021-09-09,Beta,1
2021-09-09,Delta,6768
2021-09-09,Gamma,3
2021-09-09,Mu,1
2021-09-09,Other variant,685
2021-09-10,Alpha,1
2021-09-10,Delta,6392
2021-09-10,Gamma,1
2021-09-10,Mu,2
2021-09-10,Other variant,458
2021-09-11,Alpha,1
2021-09-11,Delta,4289
2021-09-11,Mu,3
2021-09-11,Other variant,361
2021-09-12,Delta,4621
2021-09-12,Mu,1
2021-09-12,Other variant,166
2021-09-13,Alpha,4
2021-09-13,Delta,7339
2021-09-13,Gamma,2
2021-09-13,Mu,1
2021-09-13,Other variant,783
2021-09-13,Zeta,1
2021-09-14,Delta,6144
2021-09-14,Epsilon,67
2021-09-14,Other variant,729
2021-09-15,Alpha,1
2021-09-15,Delta,5903
2021-09-15,Mu,2
2021-09-15,Other variant,688
2021-09-16,Alpha,2
2021-09-16,Delta,6422
2021-09-16,Gamma,1
2021-09-16,Mu,2
2021-09-16,Other variant,541
2021-09-17,Alpha,2
2021-09-17,Delta,6841
2021-09-17,Mu,1
2021-09-17,Other variant,552
2021-09-18,Alpha,1
2021-09-18,Delta,4688
2021-09-18,Gamma,1
2021-09-18,Mu,1
2021-09-18,Other variant,395
2021-09-19,Alpha,1
2021-09-19,Delta,4673
2021-09-19,Gamma,3
2021-09-19,Mu,3
2021-09-19,Other variant,353
2021-09-19,Zeta,2
2021-09-20,Delta,7822
2021-09-20,Mu,5
2021-09-20,Other variant,842
2021-09-20,Zeta,1
2021-09-21,Alpha,2
2021-09-21,Delta,6607
2021-09-21,Gamma,2
2021-09-21,Mu,3
2021-09-21,Other variant,737
2021-09-22,Alpha,1
2021-09-22,Delta,5194
2021-09-22,Mu,1
2021-09-22,Other variant,640
2021-09-23,Delta,5317
2021-09-23,Gamma,2
2021-09-23,Mu,2
2021-09-23,Other variant,673
2021-09-24,Alpha,3
2021-09-24,Delta,5401
2021-09-24,Gamma,1
2021-09-24,Mu,2
2021-09-24,Other variant,654
2021-09-25,Delta,3534
2021-09-25,Lambda,1
2021-09-25,Other variant,382
2021-09-26,Delta,3899
2021-09-26,Mu,1
2021-09-26,Other variant,299
2021-09-26,Zeta,1
2021-09-27,Alpha,1
2021-09-27,Delta,7098
2021-09-27,Gamma,1
2021-09-27,Other variant,804
2021-09-28,Delta,6028
2021-09-28,Gamma,4
2021-09-28,Other variant,697
2021-09-28,Zeta,1
2021-09-29,Delta,6221
2021-09-29,Gamma,1
2021-09-29,Iota (S477N),1
2021-09-29,Mu,2
2021-09-29,Other variant,567
2021-09-30,Delta,5474
2021-09-30,Gamma,1
2021-09-30,Mu,1
2021-09-30,Other variant,396
2021-10-01,Delta,4561
2021-10-01,Gamma,1
2021-10-01,Mu,1
2021-10-01,Other variant,345
2021-10-02,Delta,2670
2021-10-02,Gamma,1
2021-10-02,Other variant,205
2021-10-03,Delta,2664
2021-10-03,Other variant,167
2021-10-04,Delta,5243
2021-10-04,Gamma,2
2021-10-04,Other variant,404
2021-10-05,Delta,5717
2021-10-05,Gamma,2
2021-10-05,Other variant,350
2021-10-06,Delta,5420
2021-10-06,Mu,2
2021-10-06,Other variant,287
2021-10-07,Delta,6220
2021-10-07,Iota (S477N),1
2021-10-07,Other variant,187
2021-10-08,Alpha,1
2021-10-08,Delta,4705
2021-10-08,Other variant,211
2021-10-09,Delta,3993
2021-10-09,Mu,1
2021-10-09,Other variant,136
2021-10-10,Delta,3956
2021-10-10,Gamma,1
2021-10-10,Mu,1
2021-10-10,Other variant,139
2021-10-11,Delta,6982
2021-10-11,Mu,1
2021-10-11,Other variant,361
2021-10-11,Zeta,1
2021-10-12,Delta,6482
2021-10-12,Mu,1
2021-10-12,Other variant,290
2021-10-13,Beta,2
2021-10-13,Delta,5374
2021-10-13,Other variant,295
2021-10-14,Delta,5795
2021-10-14,Gamma,1
2021-10-14,Mu,1
2021-10-14,Other variant,328
2021-10-15,Delta,5317
2021-10-15,Mu,1
2021-10-15,Other variant,300
2021-10-16,Delta,3600
2021-10-16,Other variant,186
2021-10-17,Delta,2986
2021-10-17,Gamma,2
2021-10-17,Other variant,177
2021-10-18,Alpha,1
2021-10-18,Delta,8086
2021-10-18,Other variant,326
2021-10-19,Delta,6857
2021-10-19,Other variant,311
2021-10-20,Beta,1
2021-10-20,Delta,5557
2021-10-20,Other variant,268
2021-10-21,Delta,4196
2021-10-21,Other variant,245
2021-10-22,Delta,3662
2021-10-22,Other variant,221
2021-10-23,Delta,2549
2021-10-23,Other variant,172
2021-10-24,Delta,1981
2021-10-24,Other variant,207
2021-10-25,Delta,4294
2021-10-25,Mu,2
2021-10-25,Other variant,220
2021-10-26,Alpha,1
2021-10-26,Delta,3425
2021-10-26,Other variant,221
2021-10-27,Delta,2591
2021-10-27,Other variant,199
2021-10-28,Alpha,1
2021-10-28,Delta,2885
2021-10-28,Gamma,1
2021-10-28,Other variant,188
2021-10-29,Delta,2244
2021-10-29,Omicron,1
2021-10-29,Other variant,184
2021-10-30,Delta,2314
2021-10-30,Omicron,1
2021-10-30,Other variant,159
2021-10-31,Delta,2725
2021-10-31,Other variant,142
2021-11-01,Alpha,1
2021-11-01,Delta,5064
2021-11-01,Other variant,246
2021-11-02,Delta,3642
2021-11-02,Other variant,203
2021-11-03,Beta,1
2021-11-03,Delta,2445
2021-11-03,Other variant,86
2021-11-04,Delta,2207
2021-11-04,Other variant,101
2021-11-05,Delta,1667
2021-11-05,Other variant,103
2021-11-06,Delta,1109
2021-11-06,Other variant,80
2021-11-07,Delta,972
2021-11-07,Other variant,73
2021-11-08,Delta,2262
2021-11-08,Other variant,96
2021-11-09,Delta,2217
2021-11-09,Other variant,94
2021-11-10,Delta,2274
2021-11-10,Other variant,82
2021-11-11,Delta,1645
2021-11-11,Other variant,94
2021-11-12,Delta,1997
2021-11-12,Other variant,97
2021-11-13,Delta,1433
2021-11-13,Omicron,4
2021-11-13,Other variant,93
2021-11-14,Delta,889
2021-11-14,Omicron,2
2021-11-14,Other variant,95
2021-11-15,Delta,2515
2021-11-15,Omicron,6
2021-11-15,Other variant,188
2021-11-16,Delta,2186
2021-11-16,Omicron,39
2021-11-16,Other variant,160
2021-11-17,Delta,1783
2021-11-17,Omicron,18
2021-11-17,Other variant,184
2021-11-18,Delta,1887
2021-11-18,Omicron,4
2021-11-18,Other variant,112
2021-11-19,Delta,1662
2021-11-19,Omicron,21
2021-11-19,Other variant,125
2021-11-20,Delta,903
2021-11-20,Omicron,13
2021-11-20,Other variant,55
2021-11-21,Delta,1162
2021-11-21,Omicron,2
2021-11-21,Other variant,70
2021-11-22,Delta,2012
2021-11-22,Omicron,22
2021-11-22,Other variant,145
2021-11-23,Delta,1297
2021-11-23,Mu,1
2021-11-23,Omicron,13
2021-11-23,Other variant,135
2021-11-24,Delta,898
2021-11-24,Mu,1
2021-11-24,Omicron,25
2021-11-24,Other variant,146
2021-11-25,Delta,469
2021-11-25,Omicron,18
2021-11-25,Other variant,74
2021-11-26,Delta,830
2021-11-26,Omicron,5
2021-11-26,Other variant,124
2021-11-27,Delta,1084
2021-11-27,Omicron,3
2021-11-27,Other variant,98
2021-11-28,Delta,966
2021-11-28,Omicron,2
2021-11-28,Other variant,103
2021-11-29,Delta,2949
2021-11-29,Omicron,57
2021-11-29,Other variant,176
2021-11-30,Delta,3691
2021-11-30,Omicron,58
2021-11-30,Other variant,234
2021-11-30,Zeta,1
2021-12-01,Delta,2626
2021-12-01,Omicron,107
2021-12-01,Other variant,313
2021-12-02,Beta,1
2021-12-02,Delta,2303
2021-12-02,Omicron,19
2021-12-02,Other variant,176
2021-12-03,Delta,2157
2021-12-03,Omicron,36
2021-12-03,Other variant,236
2021-12-04,Delta,1455
2021-12-04,Omicron,9
2021-12-04,Other variant,128
2021-12-05,Delta,1163
2021-12-05,Omicron,7
2021-12-05,Other variant,106
2021-12-06,Delta,3315
2021-12-06,Omicron,39
2021-12-06,Other variant,252
2021-12-07,Delta,2674
2021-12-07,Iota,1
2021-12-07,Omicron,48
2021-12-07,Other variant,306
2021-12-08,Delta,2313
2021-12-08,Omicron,38
2021-12-08,Other variant,331
2021-12-09,Delta,1830
2021-12-09,Omicron,51
2021-12-09,Other variant,370
2021-12-10,Delta,1683
2021-12-10,Omicron,68
2021-12-10,Other variant,366
2021-12-11,Delta,923
2021-12-11,Omicron,50
2021-12-11,Other variant,207
2021-12-12,Delta,843
2021-12-12,Omicron,19
2021-12-12,Other variant,224
2021-12-13,Delta,1533
2021-12-13,Omicron,117
2021-12-13,Other variant,552
2021-12-14,Delta,2245
2021-12-14,Omicron,543
2021-12-14,Other variant,797
2021-12-15,Delta,1317
2021-12-15,Omicron,264
2021-12-15,Other variant,1040
2021-12-16,Delta,865
2021-12-16,Omicron,218
2021-12-16,Other variant,965
2021-12-17,Delta,966
2021-12-17,Omicron,300
2021-12-17,Other variant,1013
2021-12-18,Delta,486
2021-12-18,Omicron,221
2021-12-18,Other variant,707
2021-12-19,Delta,416
2021-12-19,Omicron,310
2021-12-19,Other variant,684
2021-12-20,Delta,728
2021-12-20,Omicron,248
2021-12-20,Other variant,1122
2021-12-21,Delta,810
2021-12-21,Omicron,324
2021-12-21,Other variant,1554
2021-12-22,Delta,555
2021-12-22,Omicron,381
2021-12-22,Other variant,1583
2021-12-23,Delta,374
2021-12-23,Omicron,318
2021-12-23,Other variant,1220
2021-12-24,Delta,119
2021-12-24,Omicron,228
2021-12-24,Other variant,471
2021-12-25,Delta,53
2021-12-25,Omicron,99
2021-12-25,Other variant,218
2021-12-26,Delta,309
2021-12-26,Omicron,415
2021-12-26,Other variant,1284
2021-12-27,Delta,505
2021-12-27,Omicron,642
2021-12-27,Other variant,2739
2021-12-28,Beta,1
2021-12-28,Delta,334
2021-12-28,Omicron,769
2021-12-28,Other variant,2507
2021-12-29,Delta,243
2021-12-29,Omicron,444
2021-12-29,Other variant,3124
2021-12-30,Delta,192
2021-12-30,Omicron,520
2021-12-30,Other variant,2651
2021-12-31,Delta,73
2021-12-31,Omicron,240
2021-12-31,Other variant,935
2022-01-01,Delta,104
2022-01-01,Omicron,441
2022-01-01,Other variant,1833
2022-01-02,Delta,97
2022-01-02,Omicron,619
2022-01-02,Other variant,1427
2022-01-03,Delta,234
2022-01-03,Omicron,584
2022-01-03,Other variant,3066
2022-01-04,Delta,215
2022-01-04,Omicron,1352
2022-01-04,Other variant,3058
2022-01-05,Delta,115
2022-01-05,Omicron,628
2022-01-05,Other variant,1778
2022-01-06,Delta,118
2022-01-06,Omicron,747
2022-01-06,Other variant,2134
2022-01-07,Delta,71
2022-01-07,Omicron,533
2022-01-07,Other variant,2108
2022-01-08,Delta,45
2022-01-08,Omicron,290
2022-01-08,Other variant,1010
2022-01-09,Delta,55
2022-01-09,Omicron,219
2022-01-09,Other variant,1874
2022-01-10,Delta,70
2022-01-10,Omicron,543
2022-01-10,Other variant,2482
2022-01-11,Delta,51
2022-01-11,Omicron,860
2022-01-11,Other variant,2766
2022-01-12,Delta,36
2022-01-12,Omicron,705
2022-01-12,Other variant,2048
2022-01-13,Delta,35
2022-01-13,Omicron,773
2022-01-13,Other variant,1990
2022-01-14,Delta,52
2022-01-14,Omicron,768
2022-01-14,Other variant,2185
2022-01-15,Delta,20
2022-01-15,Omicron,549
2022-01-15,Other variant,1810
2022-01-16,Delta,11
2022-01-16,Omicron,525
2022-01-16,Other variant,1017
2022-01-17,Delta,31
2022-01-17,Omicron,878
2022-01-17,Other variant,1678
2022-01-18,Delta,31
2022-01-18,Omicron,731
2022-01-18,Other variant,2040
2022-01-19,Delta,19
2022-01-19,Omicron,967
2022-01-19,Other variant,1837
2022-01-20,Delta,13
2022-01-20,Omicron,438
2022-01-20,Other variant,1563
2022-01-21,Delta,13
2022-01-21,Omicron,386
2022-01-21,Other variant,1281
2022-01-22,Delta,8
2022-01-22,Omicron,239
2022-01-22,Other variant,762
2022-01-23,Delta,8
2022-01-23,Omicron,245
2022-01-23,Other variant,1543
2022-01-24,Delta,12
2022-01-24,Omicron,801
2022-01-24,Other variant,2576
2022-01-25,Delta,15
2022-01-25,Omicron,673
2022-01-25,Other variant,1581
2022-01-26,Delta,9
2022-01-26,Omicron,438
2022-01-26,Other variant,1526
2022-01-27,Delta,3
2022-01-27,Omicron,409
2022-01-27,Other variant,1709
2022-01-28,Delta,3
2022-01-28,Omicron,324
2022-01-28,Other variant,1389
2022-01-29,Delta,1
2022-01-29,Omicron,137
2022-01-29,Other variant,608
2022-01-30,Delta,8
2022-01-30,Omicron,196
2022-01-30,Other variant,909
2022-01-31,Delta,6
2022-01-31,Omicron,552
2022-01-31,Other variant,2611
2022-02-01,Delta,11
2022-02-01,Omicron,690
2022-02-01,Other variant,2750
2022-02-02,Delta,1
2022-02-02,Omicron,291
2022-02-02,Other variant,2738
2022-02-03,Delta,3
2022-02-03,Omicron,237
2022-02-03,Other variant,1596
2022-02-04,Delta,1
2022-02-04,Omicron,245
2022-02-04,Other variant,874
2022-02-05,Delta,5
2022-02-05,Omicron,123
2022-02-05,Other variant,881
2022-02-06,Omicron,146
2022-02-06,Other variant,985
2022-02-07,Delta,6
2022-02-07,Omicron,377
2022-02-07,Other variant,2854
2022-02-08,Delta,1
2022-02-08,Omicron,624
2022-02-08,Other variant,1758
2022-02-09,Omicron,430
2022-02-09,Other variant,1304
2022-02-10,Delta,1
2022-02-10,Omicron,235
2022-02-10,Other variant,1066
2022-02-11,Delta,50
2022-02-11,Omicron,253
2022-02-11,Other variant,1031
2022-02-12,Delta,1
2022-02-12,Omicron,142
2022-02-12,Other variant,820
2022-02-13,Omicron,112
2022-02-13,Other variant,520
2022-02-14,Delta,55
2022-02-14,Omicron,537
2022-02-14,Other variant,1553
2022-02-15,Omicron,787
2022-02-15,Other variant,627
2022-02-16,Delta,1
2022-02-16,Omicron,206
2022-02-16,Other variant,1306
2022-02-17,Delta,1
2022-02-17,Omicron,385
2022-02-17,Other variant,1159
2022-02-18,Delta,1
2022-02-18,Omicron,527
2022-02-18,Other variant,542
2022-02-19,Omicron,430
2022-02-19,Other variant,172
2022-02-20,Omicron,250
2022-02-20,Other variant,146
2022-02-21,Delta,3
2022-02-21,Omicron,603
2022-02-21,Other variant,249
2022-02-22,Delta,1
2022-02-22,Omicron,677
2022-02-22,Other variant,556
2022-02-23,Omicron,489
2022-02-23,Other variant,569
2022-02-24,Delta,1
2022-02-24,Omicron,427
2022-02-24,Other variant,457
2022-02-25,Omicron,196
2022-02-25,Other variant,304
2022-02-26,Omicron,261
2022-02-26,Other variant,115
2022-02-27,Omicron,185
2022-02-27,Other variant,79
2022-02-28,Omicron,442
2022-02-28,Other variant,383
2022-03-01,Delta,1
2022-03-01,Omicron,349
2022-03-01,Other variant,458
2022-03-02,Delta,2
2022-03-02,Omicron,295
2022-03-02,Other variant,447
2022-03-03,Omicron,121
2022-03-03,Other variant,232
2022-03-04,Omicron,92
2022-03-04,Other variant,199
2022-03-05,Delta,1
2022-03-05,Omicron,103
2022-03-05,Other variant,92
2022-03-06,Omicron,107
2022-03-06,Other variant,71
2022-03-07,Omicron,304
2022-03-07,Other variant,306
2022-03-08,Omicron,386
2022-03-08,Other variant,332
2022-03-09,Omicron,242
2022-03-09,Other variant,346
2022-03-10,Delta,1
2022-03-10,Omicron,211
2022-03-10,Other variant,300
2022-03-11,Omicron,163
2022-03-11,Other variant,208
2022-03-12,Delta,2
2022-03-12,Omicron,57
2022-03-12,Other variant,126
2022-03-13,Omicron,62
2022-03-13,Other variant,168
2022-03-14,Omicron,246
2022-03-14,Other variant,436
2022-03-15,Delta,1
2022-03-15,Omicron,169
2022-03-15,Other variant,980
2022-03-16,Delta,1
2022-03-16,Omicron,172
2022-03-16,Other variant,487
2022-03-17,Omicron,154
2022-03-17,Other variant,358
2022-03-18,Omicron,147
2022-03-18,Other variant,588
2022-03-19,Omicron,79
2022-03-19,Other variant,603
2022-03-20,Omicron,105
2022-03-20,Other variant,645
2022-03-21,Delta,1
2022-03-21,Omicron,198
2022-03-21,Other variant,1300
2022-03-22,Omicron,134
2022-03-22,Other variant,1704
2022-03-23,Omicron,107
2022-03-23,Other variant,1349
2022-03-24,Delta,1
2022-03-24,Omicron,115
2022-03-24,Other variant,738
2022-03-25,Omicron,85
2022-03-25,Other variant,1564
2022-03-26,Omicron,73
2022-03-26,Other variant,1658
2022-03-27,Omicron,70
2022-03-27,Other variant,1804
2022-03-28,Omicron,139
2022-03-28,Other variant,2385
2022-03-29,Omicron,81
2022-03-29,Other variant,474
2022-03-30,Omicron,76
2022-03-30,Other variant,369
2022-03-31,Omicron,70
2022-03-31,Other variant,303
2022-04-01,Omicron,15
2022-04-01,Other variant,54
2022-04-02,Other variant,5
2022-04-03,Other variant,6
2022-04-05,Other variant,2
2022-04-06,Other variant,1
